PRUEBA,PRECIO
055S127,8108.28
055SHX127H,14063.50
059SP220H,15793.05
070SP160H,13022.46
078SP+220H,19273.44
081STP5M100HT,4116.84
085SHDN220H,10471.92
087SHX340,28713.78
087SP170H,13043.76
089SP190H,19765.56
089SP254H,23439.96
091S190,10642.27
091SP+200H,17979.23
091SP190,8172.16
091SP190H,18752.92
092SHX190H,20314.48
092SP220H,23631.61
093S190,11657.28
094SX190,12163.61
095S190,12163.61
095SP+234H,12653.37
095SP170H,11936.47
095SP190H,19396.47
095SP254H,19557.36
096SP170H,12315.03
097SP+216H,28127.01
097SP190,5583.76
097SP250H,23948.65
097SP254,13268.53
097SX190,12669.93
098S190,12669.93
099S150,7403.21
099S190,9378.82
099SHP+190H,19124.38
101SP170H,10001.08
103SP220H,22701.77
103SP254H,26574.91
104SP170H,11098.91
104SP170H1,17030.47
104SP240H,25349.32
104SP254H,26075.69
105S190,13812.71
105SP220H,25103.26
106S190,7116.93
106SP240H,27606.49
107SHP+180H,23439.96
107SHP+216H,23631.61
107SHP+220H,15793.05
107SHP+254H,15291.46
108SP170H,9475.83
108SP254H,27720.06
109SHP+250H,21267.97
109SP220H,19379.91
110SP210H,32293.53
110SP254H,33336.94
111S254,19259.24
111SP170,5926.83
111SP170H,10424.60
111SP200,11633.62
111SP254H,34784.93
112SP+280H,29194.07
112SP+300H,45836.52
112SP290H,46357.04
113SP170H,19084.16
114SP+170H,11927.01
114SP+254H,23506.21
115SX190,8172.16
116S190,5884.24
116SHDN200H,18265.52
116SHDN220H,17151.13
116SP190,8460.82
117S150,7403.21
117S170,7933.20
117SHP+210H,25886.41
117SP+220H,17286.00
118SP+300H,16543.07
118SP+300HK,42713.40
118SP190,8460.82
118SP190H,19484.01
118SX150,6345.61
118SX190,7696.60
119SP190H,22398.92
119SP254H,35859.10
120S150,6875.60
120SHX190H,21355.52
121SHP+210H,19557.36
121SHP+240H,26565.45
121SX170,7403.21
121SX180,6016.74
121SX180H,18043.12
121SX190,9603.59
122SHX265H,25602.49
122SP190H,20546.34
122SP240H,46879.92
122SP290H,33074.31
122SX190,7765.21
123S190,15710.24
123SHP+220H,67246.45
123SHP+240H,25524.41
123SHX190H,21180.43
123SP+290H,36145.38
123SP270H,32329.02
124P8SD220H,19327.85
124SP260H,31252.49
124SP290H,50525.93
124SX180H,27606.49
125SP190,10469.55
125SP190H,12918.36
125SP260H,27133.29
126SP270H,#Value!
127S254,16680.30
127SP190H,13344.24
127SP240H,24518.86
127SP254H,13923.91
128SP270H,47047.91
128SPR254,21793.23
128STP8M190,20778.21
129P8SD150H,19020.27
129P8SD220H,13091.08
129S220,11605.23
129SP+254H,30211.45
129SP240H,25931.36
129SP310H,32724.15
130SHDN254H,22285.35
130SHDN276H,35419.02
130SLDD150H,60943.43
130SP254,16112.46
131SHPN170H,19022.64
131SP+220H,25417.94
131SP+250HT,86713.90
131SP+254H,16076.97
132SP270H,23302.73
133SP254H,26565.45
133SR220,9615.42
134SHPN170H,18804.97
134SHPN180H,22410.75
134SP254H2,21980.14
135SHPN170H,21196.99
135SHX254,9908.81
135STP8M190H,13015.37
136SHX254H,18282.08
136SP+254H,29163.32
136SP254,14437.33
136SP254H,15658.19
137SHX230H,23849.28
137SHX254,16938.19
137SHX254H,17629.07
137STP8M190H,16358.52
138SHPN150,5505.68
138SHPN150H,21196.99
138STP8M230H,18452.43
140SP+254H,21045.57
141SHX250HT,62254.19
141SHX254H,42713.40
141SP+254H,25441.60
141SP280H,46357.04
142S180,9518.42
143S190,11657.28
143SHP+230H,26565.45
144SP+254H,25969.22
145SHP+220H,25524.41
145SHP+260H,33478.90
146S190,10048.40
146STP8M200H,13114.74
146STP8M240HT,36180.87
147SP+320H,55733.50
148SP230H,28127.01
148SP254,12563.46
148SP254H,21196.99
149SP254H1,34515.21
149SP300H,40539.04
149STP8M200H,18797.87
150STP8M230H,24947.10
151SP254,12840.28
151SP254/1,13270.89
151SP290HK,40628.95
151STP8M254H,40628.95
152SHDS300H,40628.95
152SHX300,28380.17
153SHDS300H,32894.50
153SP254,14626.61
153SP254H,18715.06
153SP254H/2,42713.40
153SP254H1,19263.97
153SP260H,42713.40
153SP260HT,70878.26
153SP270H,32449.69
153SP290HK,54692.46
154SHDS300H,39637.60
158SHPN254H,16772.57
162STP8M200H,31425.21
162STP8M254H,34377.98
162STP8M300H,47135.45
163SHX254H,26669.55
163SP254H,36573.63
164STP8M254H,36462.43
168SHP+254H,32293.53
168SHPN180,17451.62
168SHPN220,8787.32
168SHPN220H,26369.07
168SHPN240H,30438.59
168STP8M240H,40456.23
169STP8M200H,24109.54
169STP8M240H,30443.32
170SHP254,33845.63
171STP8M240H,27597.02
173SHP180,20624.42
173SHP180H,24459.71
173SHP220,23797.23
173SHP254,25912.43
173STP8M290H,43449.22
173STP8M300H,53651.42
176SP280H,40820.60
176STP8M240H,24892.69
177SP254H,39587.91
17A1080C,10277.90
187SHP+320H,81257.90
191STP8M320H,55655.42
193SHPN240H,37503.47
193STP8M360H,59530.93
223STP8M320H,66404.16
3PK0668,3738.28
3PK0675,3686.23
3PK0682,4448.08
3PK0688,4474.11
3PK0715,3842.38
3PK0719,4379.47
3PK0736,4691.78
3PK0751,3714.62
3PK0760,4507.23
3PK0775,4396.03
3PK0785,4672.85
3PK0812,5117.66
3PK0815,4810.08
3PK0820,3690.96
3PK0825,4857.40
3PK0830,5193.37
3PK0853,4954.40
3PK0875,5545.90
3PK0905,3601.05
3PK0938,5680.77
3PK1040,6220.21
4PK0648,4675.22
4PK0665,5058.51
4PK0673,3501.68
4PK0675,3702.79
4PK0698,4504.86
4PK0700,5127.12
4PK0715,4620.80
4PK0736,5273.81
4PK0756,4982.80
4PK0760,4819.54
4PK0775,5626.35
4PK0780,5418.14
4PK0785,5692.60
4PK0788,5687.86
4PK0800,5070.34
4PK0812,5879.51
4PK0815,5680.77
4PK0825,5226.49
4PK0830,5976.52
4PK0840,5997.81
4PK0853,4381.83
4PK0855,5228.86
4PK0862,6120.84
4PK0865,6139.77
4PK0870,5628.71
4PK0875,6071.16
4PK0884,6137.40
4PK0890,4788.78
4PK0895,6350.34
4PK0900,7895.34
4PK0907,6414.23
4PK0910,6255.70
4PK0915,6232.04
4PK0926,6371.64
4PK0930,6601.14
4PK0935,6612.97
4PK0938,6634.26
4PK0940,5498.58
4PK0946,6691.05
4PK0955,4552.18
4PK0960,6953.67
4PK0962,6019.10
4PK0975,6184.72
4PK0980,6913.45
4PK0990,6681.58
4PK1000,6899.26
4PK1005,7071.97
4PK1010,7102.73
4PK1015,6208.38
4PK1025,6525.43
4PK1030,7126.39
4PK1035,7254.16
4PK1040,7015.19
4PK1050,7086.17
4PK1065,6286.46
4PK1070,7429.24
4PK1080,7426.87
4PK1100,7493.12
4PK1105,7696.60
4PK1120,7793.60
4PK1130,7694.23
4PK1146,7954.49
4PK1165,8075.16
4PK1170,8105.92
4PK1185,8200.56
4PK1215,8276.27
4PK1230,7341.70
4PK1238,8536.53
4PK1260,8586.21
4PK1330,9113.83
4PK1438,9792.87
4PK1520,7694.23
4PK1535,8479.74
4PK1538,7637.45
5PK0575,5538.81
5PK0675,5496.22
5PK0688,5976.52
5PK0698,4902.35
5PK0715,5167.34
5PK0725,6612.97
5PK0736,4533.26
5PK0775,6260.44
5PK0800,7128.76
5PK0830,6821.18
5PK0850,6120.84
5PK0862,7441.07
5PK0875,6738.37
5PK0884,5472.56
5PK0890,6492.30
5PK0900,6641.36
5PK0907,7086.17
5PK0915,6979.70
5PK0921,7919.00
5PK0926,7265.99
5PK0938,7289.65
5PK0946,6440.25
5PK0955,6622.43
5PK0962,7247.06
5PK0968,8292.83
5PK0975,7507.32
5PK0986,8198.19
5PK0990,7391.38
5PK0995,6321.95
5PK1005,8415.86
5PK1015,7514.42
5PK1025,8271.54
5PK1035,8434.79
5PK1050,8553.09
5PK1065,8832.28
5PK1080,9049.95
5PK1090,8879.60
5PK1100,9035.75
5PK1105,8316.49
5PK1115,9516.05
5PK1125,9158.79
5PK1137,7800.70
5PK1145,9293.65
5PK1152,9286.55
5PK1165,6343.25
5PK1170,7292.01
5PK1173,7450.53
5PK1190,6139.77
5PK1195,9471.10
5PK1215,9601.23
5PK1225,9972.69
5PK1238,10382.01
5PK1250,9243.96
5PK1255,9298.38
5PK1270,8936.38
5PK1290,10746.37
5PK1300,9631.99
5PK1320,10628.07
5PK1345,10871.77
5PK1388,11167.52
5PK1390,11179.35
5PK1462,11955.40
5PK1515,12324.49
5PK1588,12447.53
5PK1650,12823.72
5PK1740,11174.62
5PK1750,8607.51
5PK1755,12871.04
5PK1780,11950.67
5PK1795,11479.83
5PK1815,8969.51
5PK1885,13959.40
5PK1905,11988.52
5SK0711,16810.43
5SK0868,14662.10
6PK0675,5536.44
6PK0698,7043.58
6PK0706,5245.42
6PK0725,7874.05
6PK0730,6172.89
6PK0736,8243.14
6PK0750,6991.53
6PK0800,7377.19
6PK0862,7566.47
6PK0865,8058.60
6PK0870,8519.97
6PK0875,8075.16
6PK0884,8167.43
6PK0888,8926.92
6PK0894,7810.17
6PK0900,7627.98
6PK0905,8926.92
6PK0910,8333.05
6PK0915,7911.90
6PK0923,6733.64
6PK0938,8179.26
6PK0950,8534.16
6PK0975,8191.09
6PK0986,6144.50
6PK1000,7698.96
6PK1013,10133.58
6PK1015,8524.70
6PK1025,8006.54
6PK1035,10285.00
6PK1040,9698.23
6PK1050,9712.43
6PK1055,9899.34
6PK1065,9740.82
6PK1070,8174.53
6PK1075,9497.12
6PK1080,9975.06
6PK1090,9982.15
6PK1100,8553.09
6PK1105,9967.96
6PK1110,9326.77
6PK1115,9206.11
6PK1120,10320.49
6PK1125,9260.52
6PK1130,9492.39
6PK1137,10651.73
6PK1141,7734.45
6PK1145,7713.16
6PK1152,7862.22
6PK1155,10188.00
6PK1165,8063.33
6PK1180,10902.53
6PK1185,8680.85
6PK1190,9996.35
6PK1193,10952.21
6PK1195,10561.82
6PK1200,6764.39
6PK1205,10398.57
6PK1250,11716.43
6PK1255,11782.68
6PK1270,10320.49
6PK1290,11730.63
6PK1340,11255.06
6PK1345,10538.16
6PK1365,11808.71
6PK1375,11780.31
6PK1381,11886.78
6PK1385,12672.30
6PK1388,12059.50
6PK1390,12705.42
6PK1395,12736.18
6PK1400,9494.76
6PK1415,12485.38
6PK1420,11929.37
6PK1435,11529.52
6PK1462,13199.91
6PK1468,12823.72
6PK1500,12705.42
6PK1515,12726.71
6PK1545,12979.88
6PK1550,11725.90
6PK1555,9281.82
6PK1560,12662.83
6PK1565,11148.59
6PK1575,13964.13
6PK1580,11546.08
6PK1588,13770.12
6PK1600,13422.32
6PK1605,13396.29
6PK1625,13647.09
6PK1640,12821.35
6PK1650,13857.66
6PK1655,14226.76
6PK1660,10384.37
6PK1675,12823.72
6PK1680,10417.50
6PK1690,12634.44
6PK1695,16864.85
6PK1700,9116.20
6PK1710,12000.35
6PK1715,12355.25
6PK1718,13812.71
6PK1725,9849.66
6PK1740,9227.40
6PK1750,9875.68
6PK1755,9456.90
6PK1760,12563.46
6PK1765,14378.18
6PK1780,11361.53
6PK1790,10367.81
6PK1795,9539.71
6PK1805,14993.34
6PK1815,14692.86
6PK1830,13916.81
6PK1842,15151.86
6PK1855,15258.33
6PK1865,14986.24
6PK1875,10777.13
6PK1885,12102.09
6PK1900,15026.47
6PK1905,13928.64
6PK1920,12792.96
6PK1930,12087.89
6PK1955,15925.55
6PK1960,16464.99
6PK1975,16666.10
6PK1995,16311.20
6PK2030,17056.49
6PK2050,16360.89
6PK2070,17340.41
6PK2080,16249.69
6PK2095,17508.40
6PK2100,16864.85
6PK2120,16793.87
6PK2195,17522.60
6PK2210,14624.25
6PK2236,13081.61
6PK2240,12554.00
6PK2250,17730.80
6PK2263,15821.44
6PK2270,17191.36
6PK2275,12979.88
6PK2295,18819.16
6PK2325,18104.63
6PK2345,18187.44
6PK2400,20160.69
6PK2430,19311.29
6PK2440,19396.47
6PK2460,20664.64
6PK2490,19566.82
6PK2520,19110.18
6PK2870,19935.92
7PK1220,12866.31
7PK1350,14077.70
7PK1385,14404.21
7PK1468,15544.62
7PK1515,10703.78
7PK1525,15395.56
7PK1530,13493.30
7PK1535,15043.03
7PK1545,15284.36
7PK1555,14323.76
7PK1575,16564.37
7PK1580,13935.74
7PK1730,15698.41
7PK1952,19687.49
7PK1980,19405.93
7PK2285,23347.69
7PK3103,30646.80
7PK3136,35376.43
8PK1055,7869.32
8PK1180,12584.75
8PK1230,12610.78
8PK1290,13966.50
8PK1360,14943.66
8PK1380,14110.82
8PK1385,7530.98
8PK1400,14870.31
8PK1420,14607.68
8PK1435,14811.16
8PK1443,15360.07
8PK1450,15748.10
8PK1475,15175.52
8PK1500,15106.91
8PK1535,16150.32
8PK1550,16058.04
8PK1575,17058.86
8PK1590,16829.36
8PK1600,16644.81
8PK1615,18371.99
8PK1660,17974.50
8PK1700,17295.46
8PK1815,19618.87
8PK1840,19883.86
8PK1855,20042.39
8PK1880,19699.32
8PK1930,20212.74
8PK1980,20801.87
8PK1995,21525.87
8PK2095,22585.84
8PK2120,21480.91
8PK2205,23752.27
8PK2250,24230.21
8PK2430,25524.41
8PK2625,49447.03
9PK1680,19789.22
9PK1920,22006.17
9PK2295,26300.46
VKMV 3PK946,5732.82
VKMV 4PK1538,9972.69
VKMV 4PK654,4791.15
VKMV 5PK1030,7400.85
VKMV 5PK1200,12835.55
VKMV 5PK1747,14212.56
VKMV 5PK980,8643.00
VKMV 6DK1188,25018.08
VKMV 6DK1195,21305.83
VKMV 6DK1238,24554.35
VKMV 6DK1320,27571.00
VKMV 6DK1352,29892.04
VKMV 6DK1825,38433.30
VKMV 6DK1836,38655.71
VKMV 6DK1841,39180.96
VKMV 6DK1853,39434.12
VKMV 6PK1005,8446.62
VKMV 6PK1045,8094.09
VKMV 6PK1132,8919.82
VKMV 6PK1193,7793.60
VKMV 6PK1199,7074.34
VKMV 6PK1306,12442.79
VKMV 6PK1520,12731.45
VKMV 6PK1613,13247.23
VKMV 6PK1680,13692.04
VKMV 6PK1695,13753.56
VKMV 6PK1699,9128.03
VKMV 6PK1736,18722.16
VKMV 6PK1744,14411.31
VKMV 6PK1815,12996.44
VKMV 6PK1822,13590.30
VKMV 6PK1983,15281.99
VKMV 6PK2227,16961.85
VKMV 6PK2236,13296.92
VKMV 7DK1360,18149.59
VKMV 7DK1400,45571.53
VKMV 7DK2569,51406.08
VKMV 7PK1127,11205.38
VKMV 7PK1792,16382.18
VKMV 7PK1795,16195.27
VKMV 8PK2035,24525.96
3SK0796,8394.57
3SK0888,8877.23
3SK0977,8645.36
4SK0711,7476.56
4SK0903,13980.69
4SK1022,9762.12
6SK0762,12932.56
6SK0989,13308.75
6SK1019,17785.22
6SK1037,19727.71
6SK1059,13935.74
6SK1090,17312.02
6SK1200,13933.37
331933/Q,146815.03
331958/Q,118451.42
332330 B/Q,77791.71
33281/Q,122158.95
33287/33462,30798.22
33462/Q,53275.22
33821/Q,94268.54
33822/Q,40702.30
33895/Q,69425.54
34478/2/QVQ276,64830.77
3525/Q,9189.54
353056 B,74209.59
354 X/Q,#Value!
358 X/Q,83013.48
3585/Q,22978.59
365433 BD,21878.40
368 A,28616.77
368 A/Q,28616.77
3720,10680.12
3780,29134.92
3780/3720/Q,17700.05
3782/Q,21457.25
382 A,43619.58
382-S VP,31172.05
387 A/382 A/Q,32974.94
387 A/Q,52186.86
387/382 A/Q,27828.89
387/Q,27014.99
387-A VP,21693.85
3920/2/Q,14591.12
394980 A-2Z,13580.84
39520/Q,13763.02
39528/Q,16566.73
39580/Q,26944.01
39581/Q,27552.07
39590/Q,29210.64
395-A VP,109630.98
3984/2/Q,23281.44
42381/42584 A,55489.80
440809 A/Q,31709.13
442882/Q,28406.20
453-X VP,31493.83
472/Q,19836.54
47487/47420 A/Q,30660.99
47686/47620A,70180.29
482/Q,34053.84
49175/49368 A,42985.49
492-A VP,85246.98
495 A/493,60105.86
495-A VP,83406.23
497/492 A A,44864.09
53178/53377/Q,67821.39
55175 C/55437 A,53499.99
55175-C VP,53417.18
55200-C VP,33341.67
55200C/55437 A,47386.25
55206C/55437 A,52182.13
639058 A/Q,91668.30
653/Q,46274.23
6535/Q,105987.34
663/Q,100673.30
672/Q,17527.33
67391/67322,437456.84
683/672/Q,58537.21
683/Q,51600.09
687/672/Q,53469.23
72212 C/Q,76935.22
72212/2/72487/2/Q,55082.85
742,56388.88
742/Q,56388.88
749,207495.83
749/Q,207495.83
752/Q,143483.70
759/Q,126221.37
88509A,#Value!
9285/9220/CL7C,361212.49
ADH-7547,143971.10
BAF-0128 AX,66297.69
BAH-0177 A,111713.06
BAH-0206/VC560,20305.01
BB1-0016 A,27291.81
BB1-0078,8285.73
BB1-0603 AA,9982.15
BB1-0633 A,10216.39
BB1-3040 A,19775.03
BB1-3076,#Value!
BB1-3160,16003.62
BB1-3273,45230.82
BB1-3274,24599.30
BB1-3275,12395.47
BB1-2687,9203.74
BB1-3346,65673.06
BB1-3389,14141.58
BB1B 362668 A,51884.01
BB1B 362711 A,76928.12
BB1B 362937 B,82180.64
BB1B 446961 B,11200.64
BB1B 447244,31893.68
BB1B 447244 B,31893.68
BB1B 631046 B,14004.35
BC1-0013 E,27282.35
BC1-0547 B,159745.22
BC1-1330,1009922.37
BC1B 246747,254969.62
BC1B 320308 A,184036.94
BC1B 322161,675696.48
BC1B 322162,423379.14
BC1B 635251,84279.29
BCAB 326332 B,14856.11
BR3920,19876.77
BR3984,33826.70
BR45220,29712.23
BR45290,54488.98
BR47620,25332.76
BR47686,40401.82
BR47820,55487.43
BR493,16630.61
BR497,52395.07
BS2B 321642 EB,181980.89
BS2B 321642 EBA,181980.89
BT1-0017 A/Q,30057.66
BT1-0132/QCL7C,205257.60
BT1-0176/Q,19656.73
BT1-0402,80209.77
BT1-0522 D,43125.08
BT1-0534 B,65715.65
BT1-0534 D,65715.65
BT1-0605/Q,6674.49
BT1-0825,43125.08
BT1B 243150/QCL7C,480018.81
BT1B 243799,271309.22
BT1B 328053 AB/Q,19136.21
BT1B 328227 CA/Q,43813.59
BT1B 328236 A/QCL7CVK210,36022.35
BT1B 328406 A/Q,102372.09
BT1B 328612 C/QCL7CVK210,35078.32
BT1B 328688 AC/Q,8740.00
BT1B 328688 AC/QVK210,8740.00
BT1B 329013 A/Q,16959.49
BT1B 329120/Q,53897.48
BT1B 332532 A,98380.65
BT1B 332541 AB/Q,16287.54
BT1B 332589/QCL7C,151700.82
BT1B 332600 A,85930.75
BT1B 332946/QCL7C,#Value!
BT1B 639360/Q,107075.70
BT2-8512 AA-02,#Value!
BTD-5106,407432.30
BTF-1086 C/VM900,298854.19
BTF-1088 BA,209738.80
BTF-1101 C,161753.96
L 44643/610,15116.37
L 44649/610/Q,11420.68
L 44649/610/QVK210,11420.68
L 45410/Q,4634.99
L 45449 F/410/QVK210,11803.97
L 45449/410/Q,11803.97
L 45449/410/QVK210,11803.97
L 68111/Q,9937.20
L 68149/110/Q,33467.07
L 68149/111/Q,34718.68
U 399/365 A/L A,32009.61
U 497/460 L A,31515.12
VKBA 1481 A,72629.10
VKBA 1979,75082.64
VKBA 3235,98740.28
VKBA 3236,100890.97
VKBA 3251,151651.14
VKBA 3268,241696.36
VKBA 3305,108100.17
VKBA 3327,180374.38
VKBA 3403,109363.62
VKBA 3416,46640.96
VKBA 3434 A,66300.05
VKBA 3456 A,50561.42
VKBA 3461,152722.93
VKBA 3468,#Value!
VKBA 3489,324073.39
VKBA 3491,98127.48
VKBA 3495,112773.02
VKBA 3503,178890.89
VKBA 3512 A,115680.84
VKBA 3519,40879.75
VKBA 3525 A,35518.39
VKBA 3540 A,57060.82
VKBA 3541 A,38996.41
VKBA 3554,54604.91
VKBA 3562 A,65540.57
VKBA 3564,#Value!
VKBA 3564 A,67774.07
VKBA 3567 A,60162.65
VKBA 3570 A,53010.23
VKBA 3574,220620.04
VKBA 3580,#Value!
VKBA 3583,105554.36
VKBA 3583 A,53866.72
VKBA 3585 A,72458.75
VKBA 3587,159324.07
VKBA 3596,52080.39
VKBA 3600 A,32837.71
VKBA 3601,33086.14
VKBA 3601 A,31314.01
VKBA 3613,334613.92
VKBA 3614,210973.85
VKBA 3624,#Value!
VKBA 3628,108213.74
VKBA 3637,53533.12
VKBA 3639,97313.58
VKBA 3642,287031.29
VKBA 3643,104678.94
VKBA 3644,#Value!
VKBA 3644 A,80952.69
VKBA 3646,196382.73
VKBA 3652,#Value!
VKBA 3652 A,111810.06
VKBA 3656,106358.80
VKBA 3658,46811.31
VKBA 3659,#Value!
VKBA 3659 A,70802.55
VKBA 3660,#Value!
VKBA 3660 A,106505.49
VKBA 3661,173766.14
VKBA 3668,179274.19
VKBA 3673,311642.42
VKBA 3674,261118.86
VKBA 3676,63848.88
VKBA 3677,212772.01
VKBA 3681,277517.60
VKBA 3683,190940.93
VKBA 3693,159591.43
VKBA 3718,97545.45
VKBA 3728,256578.50
VKBA 3729,91455.36
VKBA 3730,111052.94
VKBA 3731,185148.96
VKBA 3906,77957.33
VKBA 3935,88109.84
VKBA 3955,140336.92
VKBA 3975,198786.59
VKBA 3975 A,198786.59
VKBA 4413 A,141564.88
VKBA 4500,31884.22
VKBA 4501,25716.05
VKBA 4528,17297.83
VKBA 4528 A,18277.35
VKBA 4529,17297.83
VKBA 4529 A,18277.35
VKBA 4533,24795.68
VKBA 4544,20768.75
VKBA 4544 A,21944.65
VKBA 4625 A,24597.30
VKBA 4687,45571.53
VKBA 4736,33015.16
VKBA 4752 A,107033.11
VKBA 4810 A,108261.06
VKBA 5314,262999.83
VKBA 5397,325303.71
VKBA 5407,550019.29
VKBA 5412,289678.84
VKBA 5415,399411.56
VKBA 5424,250190.30
VKBA 6502,77323.25
VKBA 6507,288010.81
VKBA 6524,205936.64
VKBA 6526,174390.76
VKBA 6532,209201.72
VKBA 6540,49681.27
VKBA 6544,66638.39
VKBA 6549,78667.13
VKBA 6556,201192.81
VKBA 6565,199619.42
VKBA 6570,183757.76
VKBA 6575,73125.96
VKBA 6582,278868.59
VKBA 6584,302601.94
VKBA 6586,188141.95
VKBA 6614,#Value!
VKBA 6618,385298.37
VKBA 6632,101446.98
VKBA 6633,214466.07
VKBA 6634,321626.94
VKBA 6636,180007.65
VKBA 6637,#Value!
VKBA 6638,257505.98
VKBA 6649,153581.79
VKBA 6650,426502.26
VKBA 6654,169008.11
VKBA 6655,#Value!
VKBA 6658,60898.47
VKBA 6678,237546.40
VKBA 6682,67897.10
VKBA 6699,170548.38
VKBA 6708,278291.29
VKBA 6711,269186.92
VKBA 6714,#Value!
VKBA 6714 A,106957.40
VKBA 6715,234752.15
VKBA 6720,91552.37
VKBA 6721,150255.20
VKBA 6722,196181.62
VKBA 6724,#Value!
VKBA 6725,124245.76
VKBA 6726,67691.26
VKBA 6746 XN,69458.66
VKBA 6750,#Value!
VKBA 6751,263182.01
VKBA 6753,#Value!
VKBA 6766,85914.19
VKBA 6767,90705.34
VKBA 6780,109453.53
VKBA 6785,#Value!
VKBA 6786,285105.37
VKBA 6789,189159.33
VKBA 6799,62609.09
VKBA 6802,117533.42
VKBA 6802 B,70028.87
VKBA 6803,113355.06
VKBA 6803 B,83787.16
VKBA 6824,365632.18
VKBA 6825,59973.37
VKBA 6825 A,59973.37
VKBA 6831 A,55097.04
VKBA 6834 A,72749.77
VKBA 6857,272743.02
VKBA 6869,113355.06
VKBA 6874,424902.84
VKBA 6875,378020.55
VKBA 6891,85826.65
VKBA 6900 A,#Value!
VKBA 6901,122646.34
VKBA 6905,206989.51
VKBA 6906 A,58719.39
VKBA 6917,163746.13
VKBA 6923,52018.88
VKBA 6943,169183.20
VKBA 6948,396584.19
VKBA 6966,138886.57
VKBA 6967,153525.01
VKBA 6975,44440.58
VKBA 6978,287232.40
VKBA 6996,148842.69
VKBA 6997,171939.59
VKBA 6998,161176.65
VKBA 6999,795889.28
VKBA 7000,72139.34
VKBA 7011,#Value!
VKBA 7011 A,73400.42
VKBA 7015,594668.07
VKBA 7034,298116.00
VKBA 7097,91292.11
VKBA 7120,415100.50
VKBA 7131,159326.44
VKBA 7403,679943.45
VKBA 7408,97488.66
VKBA 7414,330840.15
VKBA 7437,201524.05
VKBA 7439,218663.35
VKBA 7440,318648.15
VKBA 7447 A,74938.32
VKBA 7451,289129.93
VKBA 7466,178791.52
VKBA 7469,142665.07
VKBA 7492,186476.29
VKBA 7493,305611.49
VKBA 7505,175124.22
VKBA 7534,142821.22
VKBA 7535 A,58719.39
VKBA 7540,281572.93
VKBA 7568,301745.44
VKBA 7570,379198.82
VKBA 7593,173756.67
VKBA 7602,127425.66
VKBA 7604,222702.12
VKBA 7607,567160.96
VKBA 7608,181902.81
VKBA 7616,114743.90
VKBA 7631,186961.32
VKBA 7661,143975.83
VKBA 7743,#Value!
VKBA 827,#Value!
VKBA 909,85892.90
VKBA 9301 A,69207.87
VKBA 966,229691.28
VKBA 968,#Value!
VKBA 968 A,54910.13
VKBA 969,147948.35
VKBA 976,104075.61
VKBC 20005,93889.98
VKBC 20007,86605.06
VKBC 20008,57392.06
VKBC 20012,25585.92
VKBC 20014,43196.06
VKBC 20015,40330.84
VKBC 20019,30956.74
VKBC 20020,68391.60
VKBC 20021,123491.00
VKBC 20022,97112.47
VKBC 20026,42498.09
VKBC 20032,86605.06
VKBC 20033,49981.75
VKBC 20034,67187.30
VKBC 20035,73104.67
VKBC 20036,162702.72
VKBC 20037,40229.10
VKBC 20038,47511.65
VKBC 20040,44468.97
VKBC 20043,155226.16
VKBC 20047,50511.73
VKBC 20050,54801.29
VKBC 20051,112896.06
VKBC 20052,65417.53
VKBC 20054,101863.40
VKBC 20059,37825.24
VKBC 20060,46122.80
VKBC 20061,45077.03
VKBC 20062,39992.50
VKBC 20065,44468.97
VKBC 20066,#Value!
VKBC 20068,62822.03
VKBC 20070,29698.03
VKBC 20074,48053.46
VKBC 20075,89813.36
VKBC 20078,49366.59
VKBC 20079,#Value!
VKBC 20081,30828.98
VKBC 20082,58873.18
VKBC 20083,77557.48
VKBC 20084,50242.01
VKBC 20085,60023.05
VKBC 20086,244677.52
VKBC 20087,28820.25
VKBC 20092,102608.69
VKBC 20093,163916.48
VKBC 20095,73104.67
VKBC 20096,30438.59
VKBC 20098,57510.36
VKBC 20099,254654.95
VKBC 20100,56244.55
VKBC 20102,97533.62
VKBC 20108,39180.96
VKBC 20112,154010.04
VKBC 20113,97412.95
VKBC 20117,45916.96
VKBC 20119,66297.69
VKBC 20123,61979.74
VKBC 20125,241987.38
VKBC 20126,136719.31
VKBC 20129,33481.27
VKBC 20130,29693.30
VKBC 20131,46385.43
VKBC 20133,82185.38
VKBC 20134,226350.49
VKBC 20135,68779.62
VKBC 20147,31668.91
VKBC 20148,51162.38
VKBC 20149,162328.89
VKBC 20150,180199.29
VKBC 20151,88142.96
VKBC 20152,160440.83
VKBC 20153,161753.96
VKBC 20154,91382.02
VKBC 20156,93483.03
VKBC 20157,161067.82
VKBC 20159,194421.32
VKBC 20160,42285.15
VKBC 20163,87776.23
VKBC 20164,40801.67
VKBC 20165,23579.56
VKBC 20167,122740.98
VKBC 20170,47883.11
VKBC 20171,#Value!
VKBC 20172,140150.01
VKBC 20174,266068.53
VKBC 20175,91382.02
VKBC 20177,143862.26
VKBC 20179,132119.81
VKBC 20180,52586.72
VKBC 20182,243773.71
VKBC 20183,88015.20
VKBC 20184,90236.87
VKBC 20185,317408.36
VKBC 20186,187233.41
VKBC 20187,61459.22
VKBC 20188,273370.01
VKBC 20190,146753.52
VKBC 20191,209738.80
VKBC 20192,138077.39
VKBC 20195,120855.28
VKBC 20196,130241.20
VKBC 20197,335413.62
VKBC 20198,261599.16
VKBC 20199,63534.20
VKBC 20200,105854.84
VKBC 20202,136910.96
VKBC 20204,240792.55
VKBC 20205,270649.11
VKBC 20207,140604.28
VKBC 20210,165861.33
VKBC 20211,78298.04
VKBC 3122,109730.35
VKBC 3477,55451.94
VKBC 3500,90553.92
VKBC 3516,117083.88
VKBC 3520,151513.91
VKBC 3527,58719.39
VKBC 3530,120689.66
VKBC 3560,229255.94
VKBC 3568,47168.58
VKBC 3571,53235.00
VKBC 3584,43886.93
VKBC 3585,45015.52
VKBC 3656,72416.16
VKBC 3975,136127.81
VKBC 4100,92446.72
VKBC 4200,44693.74
VKBC 4210,91526.34
VKBC 4211,182728.55
VKBC 4300,129969.11
VKBC 4301,81466.11
VKBC 4302,124983.95
VKBC 4303,125059.66
VKBC 4400,88183.19
VKBC 4481,149076.93
VKBC 4500,96175.53
VKBC 4533,114362.98
VKBC 4580,90923.01
VKBC 4581,178616.44
VKBC 4590,99847.57
VKBC 4625 A,40404.18
VKBC 4823,156910.75
VKBC 6654,84383.39
VKBC 6768,54356.48
VKBC 6900,62885.91
VKBC 6905,108258.70
VKBC 6917,101830.27
VKBC 7430,107589.12
VKBC 7602,108055.22
VKBC 7704,195199.73
VKBC 7782,158822.48
VKBC 7787,204855.38
VKBC 8105,106791.78
VKBC 8106,103578.75
VKBC 8200,142411.91
VKBC 9109,104877.68
VKBC 9123,100455.63
VKBC 9144,132377.70
VKBC 9200,102689.13
VKBC 9211,114164.23
VKBC 9247,167027.77
VKBC 9255,118432.50
VKBC 9300,73842.86
VKBC 9328,144924.60
VKBC 9386,146675.44
VKBC 9387,144361.49
VKBC 9500,116111.45
VKBC 9546,124513.12
BB1-0050 BB,10079.16
BB1-0372 AB,4142.87
BB1-0633 EA,10374.91
BB1-3036,17413.76
BB1-3160 B,16003.62
VKCH 101008,89042.04
VKCH 101080,113196.54
VKCH 101097,119078.41
VKCH 101106,56682.26
VKCH 101126,99618.06
VKCH 101128,78212.86
VKCH 101153,59438.65
VKCH 13016 A,129273.51
VKCH 15001271,82514.25
VKCH 1501302,132240.47
VKCH 15013842,64440.38
VKCH 1502101,86077.45
VKCH 1502102,63799.19
VKCH 1502104,105963.68
VKCH 150310,124967.39
VKCH 15032,77226.24
VKCH 1503741,39195.16
VKCH 1503901,55108.87
VKCH 1503902,60952.89
VKCH 1504004,67042.98
VKCH 1504005,94635.27
VKCH 1504007,71401.15
VKCH 1504141,80727.92
VKCH 1505541,74881.53
VKCH 1506901,215391.18
VKCH 1508547,33043.56
VKCH 151013,72778.16
VKCH 151017,28363.61
VKCH 151045,71609.36
VKCH 151052,65663.60
VKCH 151056,70757.60
VKCH 151065,90930.11
VKCH 151103,125274.97
VKCH 151112,128603.93
VKCH 151127,143415.09
VKCH 151187,209634.70
VKCH 19005401,91067.34
VKCH 19007546,113459.16
VKCH 19009301,89616.98
VKCH 19009401,126308.91
VKCH 19009501,182998.27
VKCH 19009601,63960.08
VKCH 19013741,126211.90
VKCH 19020 A1,136780.83
VKCH 19020A1,#Value!
VKCH 19021A1,138269.04
VKCH 19021A1,138269.04
VKCH 19030,99227.67
VKCH 1903544,100351.52
VKCH 2002241,63027.87
VKCH 2003021,61885.10
VKCH 2003022,65060.27
VKCH 201135,29137.29
VKCH 201144,56104.96
VKCH 201145,36358.32
VKCH 201162,79168.73
VKCH 201241,27746.08
VKCH 22056,38721.96
VKCH 23027,103417.86
VKCH 2401571,88952.14
VKCH 2403A1,90932.48
VKCH 2596,210344.50
VKCH 260741 A,188023.65
VKCH 2701A1,73123.60
VKCH 2802A1,70939.78
VKCH 2901571,171217.96
VKCH 300441,152436.65
VKCH 300841,134464.51
VKCH 3102,48917.05
VKCH 3103B1,133851.72
VKCH 3104237,95775.68
VKCH 3205A1,250698.99
VKCH 3206C1,266286.20
VKCH 3209A1,80730.29
VKCH 34002B1,161900.65
VKCH 3403A1,259677.96
VKCH 3405531,48238.01
VKCH 3405742,123573.81
VKCH 3605234,122752.81
VKCH 3608D1,157980.19
VKCH 4011831,124591.19
VKCH 4723,58416.54
VKCH 4726,#Value!
VKCH 4729,43787.56
VKCH 4890,63082.29
VKCH 4901 A,97545.45
VKCH 5108A1,249374.03
VKCH 5108B1,49541.67
VKCH 5401105,17044.66
VKCH 5401107,72671.69
VKCH 5407001,100384.65
VKCH 5601A1,996412.51
VKPA 82441 A,39736.97
VKPA 82634,60723.39
VKPA 82670,107813.89
VKPA 83650,34456.06
VKPA 84623,107499.21
VKPA 84700,69385.32
VKPA 86206,42117.17
VKPA 91441,47454.86
VKPA 91828,118990.87
VKPC 76702 A,33971.03
VKPC 76703 A,24824.07
VKPC 81204,46132.27
VKPC 81205,34510.48
VKPC 81207 A,352888.90
VKPC 81210 A,19003.71
VKPC 81210 A,19003.71
VKPC 81211,43920.06
VKPC 81215,33653.98
VKPC 81218,38073.67
VKPC 81220,31115.27
VKPC 81230,32305.36
VKPC 81240,48479.34
VKPC 81242,52522.83
VKPC 81269,32305.36
VKPC 81302,33488.36
VKPC 81302 A,33488.36
VKPC 81307,25931.36
VKPC 81400 A,14785.13
VKPC 81401 A,15298.56
VKPC 81401 AD,18386.19
VKPC 81402,22415.48
VKPC 81408 A,31115.27
VKPC 81410 AD,29002.43
VKPC 81411,19448.52
VKPC 81411 A,19448.52
VKPC 81416,37645.43
VKPC 81417,38151.75
VKPC 81418,63049.17
VKPC 81510 A,25103.26
VKPC 81611,37609.94
VKPC 81615,26044.93
VKPC 81620,24227.84
VKPC 81620 A,24227.84
VKPC 81623,35390.63
VKPC 81623 A,35390.63
VKPC 81625,52499.17
VKPC 81626,32305.36
VKPC 81626 A,32305.36
VKPC 81627,50194.69
VKPC 81707 A,50540.13
VKPC 81802,34387.44
VKPC 81803,42311.18
VKPC 81808,#Value!
VKPC 81811,45003.69
VKPC 82100,23536.97
VKPC 82100 A,23536.97
VKPC 82173 A,50942.35
VKPC 82201,30779.29
VKPC 82205,49394.98
VKPC 82206 A,22635.52
VKPC 82208 A,14872.68
VKPC 82210 A,34167.41
VKPC 82214,34751.81
VKPC 82216 A,16386.92
VKPC 82218,36173.77
VKPC 82224 A,20605.49
VKPC 82230 A,27977.95
VKPC 82245 A,29955.93
VKPC 82246 A,41826.15
VKPC 82249 A,18196.91
VKPC 82249 A,18196.91
VKPC 82250,21821.62
VKPC 82336 A,40678.64
VKPC 82390,87286.47
VKPC 82420 A,23340.59
VKPC 82431,34915.06
VKPC 82441 A,32889.77
VKPC 82451,38785.84
VKPC 82512 A,58343.19
VKPC 82540,70901.92
VKPC 82606,55863.63
VKPC 82618,80708.99
VKPC 82630,56069.47
VKPC 82643,78617.45
VKPC 82645,32009.61
VKPC 82646,35674.55
VKPC 82647,40404.18
VKPC 82650,58165.74
VKPC 82651,98420.87
VKPC 82652,73693.80
VKPC 82653 A,46607.83
VKPC 82654 A,37683.28
VKPC 82660,54921.96
VKPC 82665,33339.31
VKPC 82711 A,51869.82
VKPC 82712 A,51869.82
VKPC 82714 A,69496.52
VKPC 82718 A,108490.56
VKPC 82722 A,85145.24
VKPC 82726 A,103718.34
VKPC 82810,36287.34
VKPC 83103,62699.00
VKPC 83140,28649.89
VKPC 83140 A,28649.89
VKPC 83200,37011.34
VKPC 83205 A,19069.96
VKPC 83258,32806.96
VKPC 83259,28860.47
VKPC 83259 A,28860.47
VKPC 83401 A,18364.89
VKPC 83401 A,18364.89
VKPC 83420 A,18073.87
VKPC 83424 A,18528.15
VKPC 83425,36064.94
VKPC 83428 A,21783.76
VKPC 83430 A,21793.23
VKPC 83434,53597.00
VKPC 83615 A,18133.02
VKPC 83616 A,26179.79
VKPC 83618 A,37344.94
VKPC 83619 A,33348.77
VKPC 83630,100202.47
VKPC 83635 A,28839.17
VKPC 83636,21447.79
VKPC 83636 A,21447.79
VKPC 83637,42879.02
VKPC 83639 A,19211.92
VKPC 83643,37787.39
VKPC 83644 A,18078.61
VKPC 83646,40652.61
VKPC 83712 A,29619.95
VKPC 83810,41691.29
VKPC 83811,41691.29
VKPC 83812,38482.99
VKPC 84018 A,22581.10
VKPC 84019 A,29416.48
VKPC 84020 A,26272.06
VKPC 84057 A,31264.32
VKPC 84131 A,31285.62
VKPC 84132 A,17250.51
VKPC 84138 A,36502.65
VKPC 84140 A,43697.65
VKPC 84208,37494.00
VKPC 84209,27424.31
VKPC 84210,22694.67
VKPC 84210 A,22694.67
VKPC 84215 A,27185.34
VKPC 84216 A,32203.63
VKPC 84216 A,32203.63
VKPC 84217 A,35274.69
VKPC 84217 A,35274.69
VKPC 84257 A,40224.37
VKPC 84258 A,44677.18
VKPC 84259 A,44355.40
VKPC 84260 A,52754.70
VKPC 84310 A,47329.46
VKPC 84314 A,47790.83
VKPC 84317 A,56045.81
VKPC 84319 A,46103.88
VKPC 84405,70521.00
VKPC 84406 AD,30840.81
VKPC 84407 A,29643.61
VKPC 84408 A,46905.95
VKPC 84409 A,41646.33
VKPC 84410,44681.91
VKPC 84415 A,35184.79
VKPC 84416 A,55991.39
VKPC 84419 A,20238.76
VKPC 84425 AD,24523.59
VKPC 84430 A,46600.74
VKPC 84600,30996.97
VKPC 84617,47014.79
VKPC 84618 A,40250.39
VKPC 84620 A,33677.64
VKPC 84621 A,40796.94
VKPC 84622 A,42498.09
VKPC 84622 A,42498.09
VKPC 85093 A,34879.57
VKPC 85097 A,23404.47
VKPC 85101,34635.87
VKPC 85206 A,17520.23
VKPC 85211,20016.36
VKPC 85211 A,20016.36
VKPC 85212,38274.78
VKPC 85248 A,27223.20
VKPC 85300,29903.87
VKPC 85302,119298.45
VKPC 85303,111564.00
VKPC 85304,42275.69
VKPC 85308,57964.63
VKPC 85312,55059.19
VKPC 85400 A,16150.32
VKPC 85401,28214.55
VKPC 85404,21741.17
VKPC 85407,28635.70
VKPC 85409 A,22077.15
VKPC 85409 A,22077.15
VKPC 85418 A,31155.49
VKPC 85419 A,30183.06
VKPC 85513 A,40063.48
VKPC 85611 A,21097.62
VKPC 85612 A,18395.65
VKPC 85620 A,17808.88
VKPC 85623,32101.89
VKPC 85624 A,25380.08
VKPC 85624 P19,21542.43
VKPC 85700,#Value!
VKPC 85701,40302.44
VKPC 86041 A,21367.35
VKPC 86050 A,15918.45
VKPC 86129,38740.88
VKPC 86205,61165.83
VKPC 86206,#Value!
VKPC 86206 A,#Value!
VKPC 86206 AD,25349.32
VKPC 86209 A,31271.42
VKPC 86212,29586.83
VKPC 86215 A,25505.48
VKPC 86216 A,24010.17
VKPC 86217 A,41237.01
VKPC 86217 A,41237.01
VKPC 86305,58889.74
VKPC 86403,20463.53
VKPC 86405,47282.14
VKPC 86409 A,21194.63
VKPC 86413 A,18147.22
VKPC 86413 AD,21215.92
VKPC 86415 A,20354.70
VKPC 86416 A,24256.23
VKPC 86416 A,24256.23
VKPC 86417 A,28581.28
VKPC 86417 A,28581.28
VKPC 86418,38636.78
VKPC 86506 A,43752.07
VKPC 86521 A,62107.50
VKPC 86602,53296.52
VKPC 86603,24142.66
VKPC 86610,43633.77
VKPC 86618,32473.35
VKPC 86619,46163.03
VKPC 86623 A,20972.22
VKPC 86623 A,20972.22
VKPC 86633,44662.98
VKPC 86698 A,28429.86
VKPC 86810 A,33665.81
VKPC 86811,31193.34
VKPC 87400,35260.50
VKPC 87401,31600.30
VKPC 87404,33358.23
VKPC 87410,48062.92
VKPC 87420,66245.63
VKPC 87813,63818.12
VKPC 87835,145518.46
VKPC 87840,58809.30
VKPC 88206,31131.83
VKPC 88310,56142.81
VKPC 88430,62708.46
VKPC 88500,53064.65
VKPC 88517 A,145016.87
VKPC 88605,31013.53
VKPC 88609,46659.89
VKPC 88615,45289.97
VKPC 88617,43875.10
VKPC 88620,48670.99
VKPC 88622,80505.52
VKPC 88632,43418.47
VKPC 88692 A,59992.30
VKPC 88700 A,55918.04
VKPC 88704 A,83013.48
VKPC 88705 A,70315.15
VKPC 88708 A,75035.32
VKPC 88710 A,81241.34
VKPC 88712 A,115543.61
VKPC 88715 A,67589.52
VKPC 88718 A,87243.88
VKPC 88723 A,66321.35
VKPC 88726 A,99206.38
VKPC 88808,38132.82
VKPC 88826,47994.31
VKPC 88843,67061.90
VKPC 88850,52645.87
VKPC 88851,31131.83
VKPC 88855,#Value!
VKPC 88860,41544.59
VKPC 88907,46768.72
VKPC 89010 A,32750.17
VKPC 89012 A,29764.28
VKPC 89015 A,57898.39
VKPC 89018 A,36240.02
VKPC 89121 A,80801.27
VKPC 89124 A,97779.68
VKPC 89125 A,46827.87
VKPC 89129 A,61807.02
VKPC 89130 A,71197.67
VKPC 89645 A,86150.79
VKPC 90002,91481.39
VKPC 90200,36883.57
VKPC 90202,36644.61
VKPC 90402,21521.14
VKPC 90402 A,21521.14
VKPC 90450 A,27544.97
VKPC 91405,54134.08
VKPC 91415,29660.18
VKPC 91426 A,45739.51
VKPC 91606,47445.40
VKPC 91607 A,40555.61
VKPC 91613,66434.91
VKPC 91808,51297.25
VKPC 91814,84430.71
VKPC 91828,68625.83
VKPC 91829,55215.34
VKPC 91829 A,55215.34
VKPC 92651,103656.83
VKPC 92802,26054.39
VKPC 92935,79253.90
VKPC 92944 A,72200.86
VKPC 92944 A,72200.86
VKPC 93411,37846.54
VKPC 93601,37326.02
VKPC 93604,73327.07
VKPC 93606,40200.71
VKPC 93608,45415.37
VKPC 94424,38047.65
VKPC 95008,51479.43
VKPC 95405,#Value!
VKPC 95424,51479.43
VKPC 95426,38665.17
VKPC 95800,80630.91
VKPC 95850,66588.70
VKPC 95853,36566.53
VKPC 96210,33874.02
VKPC 96402,31108.17
VKPC 97201,46380.70
VKPC 98001,73057.35
VKPC 98007,101858.67
VKPC 98342 A,35534.95
VKPC 99407 A,34851.18
VKJA 7000 A,12220.39
VKJA 7001 A,14278.81
VKJA 7002 A,16341.96
VKJA 7003 A,19519.50
VKJA 7004 A,18416.94
VKJA 7005 A,19881.50
VKJA 7006 A,17167.70
VKJA 7007 A,61085.39
VKJA 7008 A,11077.61
VKJA 7009 A,15539.89
VKJA 7010 A,15838.00
VKJA 7011 A,15310.39
VKJA 7012 A,15213.38
VKJA 7013 A,25827.26
VKJA 7014 A,19332.59
VKJA 7015 A,21031.37
VKJA 7016 A,16940.56
VKJA 7017 A,19424.86
VKJA 7018 A,21542.43
VKJA 7019 A,22744.36
VKJA 7020 A,18277.35
VKJA 7021 A,19353.88
VKJA 7022 A,52882.47
VKJA 7023 A,20858.66
VKJA 7024 A,43444.49
VKJA 7025 A,39576.08
VKJA 7026 A,39576.08
VKJA 7027 A,39576.08
VKJA 7028 A,39526.40
VKJA 7029 A,43444.49
VKJA 7030 A,53871.45
VKJA 7031 A,22744.36
VKJA 7032 A,34396.91
VKJA 7033 A,28285.53
VKJA 7034 A,85935.49
VKJA 7036 A,32487.55
VKJA 7037 A,29863.65
VKJA 7038 A,31354.23
VKJA 7039 A,37094.15
VKJA 7040 A,33713.13
VKUA 4512 A,24627.69
VKUA 4515 A,16926.36
VKUA 4516 A,28623.87
VKUA 4517 A,35184.79
VKUA 4547 A1,42230.73
VKUA 4548 A,23577.19
VKUA 4550 A,15494.93
VKUA 4550 AG,14271.71
VKUA 4550 AG1,14271.71
VKUA 4554 A,11673.84
VKUA 4554 A1,21644.17
VKUA 4554 AG,12319.76
VKUA 4554 AG1,12319.76
VKUA 4556 A,14271.71
VKUA 4562 A,19093.62
VKUA 4562 A1,30966.21
VKUA 4562 AG,20913.07
VKUA 4562 AG1,20913.07
VKUA 4565 A,17690.58
VKUA 4565 A1,27660.91
VKUA 4566 A,100810.53
VKUA 4569 A,25981.05
VKUA 4569 A1,37238.47
VKUA 4569 AG,28453.52
VKUA 4577 A,16460.26
VKUA 4577 A1,23827.99
VKY 4821 A,10057.87
VKY 4822 A,10057.87
VKY 4824 A,9312.58
VKJA 2000 A,38856.82
VKJA 2001 A,50029.07
VKJA 2002 A,53111.97
VKJA 2004 A,44788.38
VKJA 2104 A,23581.92
VKJA 2130 A,22784.58
VKJA 2140 A,23792.50
VKJA 2141 A,22808.24
VKJA 2143 A,24627.69
VKJA 2145 A,24857.20
VKJA 2150 A,34075.13
VKJA 2152 A,27568.63
VKJA 2153 A,29977.22
VKJA 2210 A,21637.07
VKJA 2211 A,46489.53
VKJA 2212 A,34333.03
VKJA 2213 A,22680.48
VKJA 2214 A,33552.25
VKJA 2220 A,21291.63
VKJA 2235 A,24913.98
VKJA 2240 A,25687.66
VKJA 2250 A,48391.80
VKJA 2252 A,28242.94
VKJA 2260 A,71176.38
VKJA 2310 A,25029.91
VKJA 2312 A,23581.92
VKJA 2316 A,28077.32
VKJA 2325 A,25209.73
VKJA 2326 A,33552.25
VKJA 2327 A,46489.53
VKJA 2328 A,29184.61
VKJA 2329 A,42512.29
VKJA 2330 A,28477.18
VKJA 2430 A,60179.21
VKJA 2431 A,20359.43
VKJA 2432 A,22841.36
VKJA 2433 A,31628.69
VKJA 2435 A,21816.89
VKJA 2437 A,25032.28
VKJA 2438 A,31349.50
VKJA 2523 A,25850.92
VKJA 2524 A,44476.07
VKJA 2525 A,28586.01
VKJA 2526 A,38296.08
VKJA 2527 A,19472.18
VKJA 2528 A,48377.60
VKJA 2530 A,21717.51
VKJA 2532 A,25538.60
VKJA 2533 A,39833.98
VKJA 2609 A,23581.92
VKJA 2610 A,25081.97
VKJA 2611 A,24608.77
VKJA 2620 A,25931.36
VKJA 2622 A,26262.60
VKJA 2625 A,25188.44
VKJA 2629 A,35229.74
VKJA 2630 A,25862.75
VKJA 2631 A,35111.44
VKJA 2632 A,39012.97
VKJA 2634 A,25415.57
VKJA 2636 A,28460.61
VKJA 2640 A,25931.36
VKJA 2642 A,25931.36
VKJA 2710 A,30930.72
VKJA 2711 A,35111.44
VKJA 2712 A,36067.30
VKJA 2713 A,37063.39
VKJA 2714 A,40574.53
VKJA 2800 A,51320.91
VKJA 2801 A,44142.46
VKJA 2940 A,40271.69
VKJA 2941 A,54517.37
VKJA 2942 A,40018.52
VKJA 2944 A,30490.64
VKJA 3001,72747.40
VKJA 3002,62710.83
VKJA 3004,79426.62
VKJA 3005,89025.48
VKJA 3007,105066.96
VKJA 3010,86120.03
VKJA 3019,96606.15
VKJA 3021,95364.00
VKJA 3022,60938.70
VKJA 3026,107830.45
VKJA 3028 A,45744.24
VKJA 3035,120507.48
VKJA 3063,108594.67
VKJA 3065,104366.63
VKJA 3069,91436.44
VKJA 3072,101238.77
VKJA 3111 A,32177.60
VKJA 3118,110087.61
VKJA 3122,65566.59
VKJA 3126,138332.92
VKJA 3127,135481.89
VKJA 3141,89299.94
VKJA 3157,86929.21
VKJA 3159,74387.04
VKJA 3160,84160.99
VKJA 3165 A,32927.62
VKJA 3166 A,40009.06
VKJA 3170 A,38882.84
VKJA 3173,114353.51
VKJA 3175,#Value!
VKJA 3208,84944.13
VKJA 3218,120507.48
VKJA 3219,87982.08
VKJA 3221,112425.22
VKJA 3234,97093.54
VKJA 3235,78153.71
VKJA 3416,90797.62
VKJA 3513,81390.40
VKJA 3515,86188.65
VKJA 3945,74919.39
VKJA 5114 A,42110.07
VKJA 5135,91779.51
VKJA 5143,103623.70
VKJA 5206 A,74824.75
VKJA 5265,103547.99
VKJA 5271,126365.69
VKJA 5289,96722.08
VKJA 5310,58974.92
VKJA 5312,77257.00
VKJA 5314,42098.24
VKJA 5316,53930.60
VKJA 5320,101267.17
VKJA 5321,121136.83
VKJA 5322 A,34179.24
VKJA 5323,87650.84
VKJA 5324,117606.76
VKJA 5332,95070.61
VKJA 5333,93823.73
VKJA 5339,#Value!
VKJA 5339 A,25188.44
VKJA 5341 A,26529.96
VKJA 5342,43846.71
VKJA 5343,93823.73
VKJA 5344 A,53909.31
VKJA 5345 A,38234.56
VKJA 5346 A,46489.53
VKJA 5347,150113.24
VKJA 5348,#Value!
VKJA 5352,100382.28
VKJA 5354,#Value!
VKJA 5354 A,32142.11
VKJA 5360 A,36083.87
VKJA 5366,122135.29
VKJA 5368,81215.32
VKJA 5378,151913.76
VKJA 5380 A,37524.76
VKJA 5381,66699.91
VKJA 5382,143975.83
VKJA 5388 A,46489.53
VKJA 5394,#Value!
VKJA 5399,113295.91
VKJA 5405,108003.17
VKJA 5407 A,32882.67
VKJA 5409,71673.24
VKJA 5410,118273.97
VKJA 5415,84208.31
VKJA 5417,96811.99
VKJA 5426,82478.76
VKJA 5515,73625.19
VKJA 5522,#Value!
VKJA 5528,97628.26
VKJA 5531,47433.57
VKJA 5534,55925.14
VKJA 5536,72118.05
VKJA 5540,42727.59
VKJA 5554,80346.99
VKJA 5557,73251.36
VKJA 5560,112995.43
VKJA 5562,41225.18
VKJA 5579,75991.19
VKJA 5592,105279.90
VKJA 5596 A,24935.27
VKJA 5597,68566.68
VKJA 5598 A,32629.51
VKJA 5600,103382.37
VKJA 5602,107515.77
VKJA 5604,124191.34
VKJA 5608,81402.23
VKJA 5640,98222.12
VKJA 5661,80614.35
VKJA 5673,183821.64
VKJA 5722,56802.93
VKJA 5731,103592.94
VKJA 5745 A,44788.38
VKJA 5779 A,50279.87
VKJA 5822 A,50667.89
VKJA 5845 A,55605.73
VKJA 5848 A,55605.73
VKJA 5905,171539.73
VKJA 5925,124472.89
VKJA 5981,101016.37
VKJA 8001 A,35918.25
VKJA 8006,74599.98
VKJA 8008,70927.95
VKJA 8017 A,46489.53
VKJA 8025,79003.11
VKJA 8037 A,29669.64
VKJA 8080 A,30197.26
VKJA 8609,77628.46
VKJA 8725 A,45888.57
VKJA 9120 A,21717.51
VKJA 9123 A,21717.51
VKJA 9125 A,22001.43
VKJA 9154 A,28209.82
VKML 82000,147948.35
VKML 83504,126200.07
VKML 84003,608175.57
VKML 84004,329408.72
VKML 84111,469033.47
VKML 84600,235698.55
VKML 84601,174532.72
VKML 84602,174532.72
VKML 91000,289231.67
VKML 91007,364529.62
VKML 92007,264156.80
VKML 92010,367806.53
VKML 95000,226194.33
VKML 95001,301288.81
VKML 95002,397355.50
VKML 96000,426930.50
TBK245WP,249518.36
TBK246WP,235750.61
TBK259WP,251501.07
TBK265BWP,350002.38
VKMA 01000 A,17801.78
VKMA 01000 AD,34491.55
VKMA 01007,319033.81
VKMA 01008,181699.34
VKMA 01010 A,34907.96
VKMA 01011 A,43645.60
VKMA 01013 A,79880.89
VKMA 01014 A,90442.72
VKMA 01018,234643.32
VKMA 01105,112976.50
VKMA 01106,46174.86
VKMA 01106 A,46174.86
VKMA 01107 A,34432.40
VKMA 01107 A,34432.40
VKMA 01107 A1,52078.03
VKMA 01113,72177.20
VKMA 01114,146159.65
VKMA 01121,235719.85
VKMA 01130,257875.07
VKMA 01135,172729.83
VKMA 01136,172729.83
VKMA 01142,199193.54
VKMA 01148,181751.39
VKMA 01170,324563.15
VKMA 01202,346143.43
VKMA 01220,471752.01
VKMA 01222,248780.17
VKMA 01250,184595.32
VKMA 01251,218396.00
VKMA 01255,323354.12
VKMA 01259,249584.61
VKMA 01263,308838.71
VKMA 01265,397939.91
VKMA 01271,203362.43
VKMA 01280,#Value!
VKMA 01280 A,73473.76
VKMA 01903,558394.93
VKMA 01908,274735.19
VKMA 01909,523591.07
VKMA 01918,322277.59
VKMA 01935,184595.32
VKMA 01936,189660.93
VKMA 01952,537723.19
VKMA 02101,118702.22
VKMA 02111,89934.03
VKMA 02152 A,58560.87
VKMA 02152 A,58560.87
VKMA 02154,188884.88
VKMA 02168,174236.97
VKMA 02169,198214.02
VKMA 02172,159612.73
VKMA 02174,155055.81
VKMA 02177,201509.85
VKMA 02179,202560.36
VKMA 02184,249889.82
VKMA 02193,137750.89
VKMA 02195,211901.33
VKMA 02200,33064.85
VKMA 02204 A,57815.58
VKMA 02206 A,24102.44
VKMA 02206 A,24102.44
VKMA 02206/1 A,36746.35
VKMA 02242 A,88772.32
VKMA 02277,287894.88
VKMA 02383,113156.32
VKMA 02384,155734.85
VKMA 02386,111358.16
VKMA 02390,85242.25
VKMA 02410 A,16670.84
VKMA 02410 A,16670.84
VKMA 02412 A,35279.43
VKMA 02540,447614.08
VKMA 02630 A,58989.11
VKMA 02984,120753.54
VKMA 02986,204985.51
VKMA 03110 A,30346.32
VKMA 03111 A,30961.48
VKMA 03121,114556.99
VKMA 03132,125166.13
VKMA 03140 A,90092.55
VKMA 03141,128426.48
VKMA 03201 A,33147.66
VKMA 03205,105137.94
VKMA 03210,256637.65
VKMA 03211,304755.00
VKMA 03213,166944.96
VKMA 03214,116750.27
VKMA 03216,111828.99
VKMA 03235,90899.35
VKMA 03240,106654.55
VKMA 03241 A,83955.14
VKMA 03244 A,57862.90
VKMA 03247 A,70741.03
VKMA 03247 A,70741.03
VKMA 03248,162965.35
VKMA 03253,128826.33
VKMA 03254 A,36985.31
VKMA 03254 A,36985.31
VKMA 03256 A,82298.94
VKMA 03256 A,82298.94
VKMA 03257,105996.80
VKMA 03259,105331.95
VKMA 03261,440452.19
VKMA 03263 A,101879.96
VKMA 03263 A,101879.96
VKMA 03300,148466.50
VKMA 03305,182290.84
VKMA 03316,135583.63
VKMA 03317,158723.11
VKMA 03902,534510.16
VKMA 04103,134071.76
VKMA 04106 A,107884.87
VKMA 04107 A,151871.17
VKMA 04107 A,151871.17
VKMA 04108,86619.26
VKMA 04212 A,79161.63
VKMA 04212 A,79161.63
VKMA 04213,168078.27
VKMA 04214,80413.24
VKMA 04215,107629.34
VKMA 04216,190302.11
VKMA 04222,69011.49
VKMA 04223,257120.32
VKMA 04226 A,55440.11
VKMA 04226 A,55440.11
VKMA 04226 A1,86851.13
VKMA 04301,90047.59
VKMA 04304,219259.59
VKMA 04305,224327.56
VKMA 04314 A,81842.31
VKMA 04315 A,95631.35
VKMA 05010 A,59646.86
VKMA 05012 A,29754.82
VKMA 05121 A,34550.70
VKMA 05121 A,34550.70
VKMA 05121 A1,35042.83
VKMA 05150 A,115654.81
VKMA 05150 A,115654.81
VKMA 05151 A,112981.23
VKMA 05152,109503.21
VKMA 05156,162312.33
VKMA 05214 A,127593.65
VKMA 05214 A,127593.65
VKMA 05222 A,103846.11
VKMA 05224 A,127581.82
VKMA 05224 A,127581.82
VKMA 05228,179435.07
VKMA 05260,162009.48
VKMA 05402 A,41807.22
VKMA 05402 A,41807.22
VKMA 05609,144522.38
VKMA 05701,265633.19
VKMA 06000,34690.29
VKMA 06000 A,34690.29
VKMA 06002,51616.66
VKMA 06002 A,51616.66
VKMA 06003 A,37510.56
VKMA 06003 A,37510.56
VKMA 06009 A,43603.01
VKMA 06009 A,43603.01
VKMA 06010 A,33746.26
VKMA 06010 A,33746.26
VKMA 06020 A,80316.24
VKMA 06020 A,80316.24
VKMA 06021 A,91282.65
VKMA 06021 A,91282.65
VKMA 06021 A1,132848.53
VKMA 06038,195116.92
VKMA 06101 A,53003.13
VKMA 06101 A,53003.13
VKMA 06103,89321.23
VKMA 06104,96821.45
VKMA 06106,96821.45
VKMA 06107,220437.85
VKMA 06108,246080.56
VKMA 06112,154892.56
VKMA 06114 A,59592.44
VKMA 06115,145369.41
VKMA 06116 A,62176.11
VKMA 06116 A,62176.11
VKMA 06117,343536.10
VKMA 06123,#Value!
VKMA 06123 A,#Value!
VKMA 06124 A,93788.24
VKMA 06125,195684.76
VKMA 06126,93447.54
VKMA 06126 A,93447.54
VKMA 06128,286522.60
VKMA 06129,104371.36
VKMA 06134 A,56313.17
VKMA 06134 A,56313.17
VKMA 06136,132231.01
VKMA 06201,94339.52
VKMA 06203,92624.17
VKMA 06204,140793.56
VKMA 06213,155465.13
VKMA 06503,115567.27
VKMA 06602,275681.59
VKMA 06604,196404.03
VKMA 06610,347477.86
VKMA 07261,386935.64
VKMA 07301,141337.74
VKMA 07302,372966.78
VKMA 07304,412171.40
VKMA 07307,460915.73
VKMA 07310,110343.14
VKMA 07405,77727.65
VKMA 07405 A,#Value!
VKMA 08110,135401.45
VKMA 08400,238367.40
VKMA 08500,319679.72
VKMA 08502,70826.21
VKMA 08502 A,70826.21
VKMA 31001,89394.58
VKMA 31009 A,69657.41
VKMA 31010 A,90442.72
VKMA 31011 A,101449.35
VKMA 31031 A,45221.36
VKMA 31098,88374.83
VKMA 31148,122660.54
VKMA 31204,74895.73
VKMA 31204 A,74895.73
VKMA 32000 A,53443.21
VKMA 32000 A1,30563.99
VKMA 32001 A,68800.91
VKMA 32002 A,59611.37
VKMA 32002 A1,#Value!
VKMA 33013 A,73999.02
VKMA 33013 A1,53443.21
VKMA 33130,158938.42
VKMA 33161 A,109179.07
VKMA 33165,114138.21
VKMA 33410,117457.70
VKMA 34010 A,110700.41
VKMA 34050,217738.25
VKMA 34110,173560.30
VKMA 34150,169457.65
VKMA 34700,205558.08
VKMA 35002 A,61665.06
VKMA 35002 A1,35766.82
VKMA 36050,126798.67
VKMA 36055,97748.92
VKMA 36072,166795.90
VKMA 36103,151558.86
VKMA 36200 A,76055.07
VKMA 36201 A,104832.73
VKMA 36204 A,84818.73
VKMA 37120,119752.72
VKMA 38020,133314.64
VKMA 62128,174490.13
VKMA 90000 A,96449.99
VKMA 90000 A,96449.99
VKMA 90008,68256.73
VKMA 91003,134421.92
VKMA 91005,100436.70
VKMA 91006,79038.60
VKMA 91022,130766.45
VKMA 91124,163161.73
VKMA 91303,264180.46
VKMA 91711,56157.01
VKMA 91711 A,56157.01
VKMA 91903,296802.87
VKMA 91920,145203.79
VKMA 93002,131391.08
VKMA 93005,77938.41
VKMA 93006,80735.02
VKMA 93011,165198.85
VKMA 93201,101439.88
VKMA 93210,118018.45
VKMA 93500,77375.30
VKMA 93600,153685.90
VKMA 93616,188487.39
VKMA 94000,206364.89
VKMA 94102,59587.71
VKMA 94507,539055.24
VKMA 94508,169691.89
VKMA 94509,317245.11
VKMA 94611,382537.25
VKMA 95003,169777.06
VKMA 95005,157734.12
VKMA 95014,129600.02
VKMA 95015,138049.00
VKMA 95025,94405.77
VKMA 95030,53694.00
VKMA 95613,246825.85
VKMA 95623,106084.34
VKMA 95641,75245.90
VKMA 95648,55903.85
VKMA 95657,254363.93
VKMA 95660,277127.21
VKMA 95667,195190.27
VKMA 95976,416018.51
VKMA 96002,79563.85
VKMA 96204,42824.60
VKMA 97501,91064.97
VKMA 98000,284530.43
VKMA 98109,573904.06
VKMA 98110,428496.80
VKMA 98112,492359.87
VKMA 98115,688605.37
VKMA 99004,168028.59
VKMC 01106-1,84993.82
VKMC 01106-2,68753.59
VKMC 01107,53040.99
VKMC 01107 A,53040.99
VKMC 01107 A1,69754.41
VKMC 01113-2,99459.54
VKMC 01148-2,218128.64
VKMC 01250-2,241764.98
VKMC 01251,204204.73
VKMC 01935,198448.25
VKMC 01936,202815.89
VKMC 02179,199243.23
VKMC 02193-2,152694.54
VKMC 02204-1 A,76258.55
VKMC 02204-2,82987.45
VKMC 02204-3,84317.14
VKMC 02206 A,44592.00
VKMC 02206/1 A,57235.91
VKMC 02277,281792.97
VKMC 03132,149708.65
VKMC 03140,123493.37
VKMC 03205,167676.05
VKMC 03241 A,102194.64
VKMC 03244 A,79497.60
VKMC 03244 A,79497.60
VKMC 03247,92375.74
VKMC 03253,120923.89
VKMC 03254 A,56481.15
VKMC 03254 A,56481.15
VKMC 03254 A1,75801.91
VKMC 03254 A1/R,#Value!
VKMC 03256 A,105963.68
VKMC 03257,138898.40
VKMC 03259,129935.99
VKMC 03316,164545.84
VKMC 04107-1,187486.57
VKMC 04107-2,179825.46
VKMC 04107-3,191291.10
VKMC 04212 A,108653.82
VKMC 04212 A,108653.82
VKMC 04215,180431.16
VKMC 04226,104314.57
VKMC 05012 A,54013.41
VKMC 05012 A1,50469.15
VKMC 05121 A,54278.41
VKMC 05121 A,54278.41
VKMC 05224,149034.34
VKMC 05402,66666.78
VKMC 06000 A,55449.58
VKMC 06002,#Value!
VKMC 06002 A,89527.07
VKMC 06003 A,59713.11
VKMC 06010 A,57082.12
VKMC 06010 A,57082.12
VKMC 06020,107629.34
VKMC 06020 A,107629.34
VKMC 06106,134317.82
VKMC 06134-1,88497.86
VKMC 06134-2,99225.31
VKMC 06415,94259.07
VKMC 08502,116101.99
VKMC 90008,90561.02
VKMC 90402,#Value!
VKMC 90402 A,120682.56
VKMC 91303,277964.78
VKMC 95660-1,258035.96
VKMC 98000,261719.82
VKCA 1001 A,82031.59
VKCA 1002 A,107624.61
VKCA 1003 A,77178.92
VKCA 1004 A,93584.76
VKCA 1005 A,175760.68
VKCA 1006 A,106370.63
VKCA 1007 A,76450.19
VKCA 1008 A,97521.79
VKCA 1011 A,96369.55
VKCA 2001 A,76055.07
VKCA 2002 A,79424.25
VKCA 2003 A,73653.58
VKCA 2004 A,98118.02
VKCA 2005 A,80105.66
VKCA 2006 A,119840.27
VKCA 2007 A,60304.61
VKCA 2008 A,108121.47
VKCA 2009 A,87227.32
VKCA 2010 A,93802.44
VKCA 2011 A,172568.94
VKCA 2012 A,185390.30
VKCA 2013 A,168937.13
VKCA 2014 A,92955.41
VKCA 3001 A,105201.82
VKCA 1009 A,228879.74
VKCA 1010 A,355098.74
VKCA 1012 A,89832.29
VKCA 2015 A,260787.62
VKCA 2017 A,303986.05
VKCA 4009 A,246608.18
VKCA 4010 A,111523.78
VKCA 4012 A,276672.94
VKCA 5007 A,271853.40
VKCA 5011 A,218585.28
VKCA 5012 A,138628.67
VKCA 6014 A,133052.01
VKCA 6015 A,167666.59
VKCA 6016 A,131322.46
VKCA 92002 A,188565.47
VKCA 93003 A,181997.45
VKCA 95002 A,150238.63
VKCA 3002 A,104167.88
VKCA 3003 A,87842.48
VKCA 3004 A,87480.48
VKCA 3005 A,111365.25
VKCA 3006 A,104759.38
VKCA 3007 A,101752.20
VKCA 3008 A,113849.55
VKCA 3009 A,156558.22
VKCA 3010 A,165130.24
VKCA 3011 A,156416.26
VKCA 3012 A,131126.09
VKCA 3013 A,116307.83
VKCA 3014 A,148932.60
VKCA 4001 A,109813.16
VKCA 4001 A1,68753.59
VKCA 4002 A,92998.00
VKCA 4003 A,220785.66
VKCA 4004 A,66844.23
VKCA 4005 A,113849.55
VKCA 4006 A,113849.55
VKCA 4007 A,110369.17
VKCA 5001 A,75704.90
VKCA 5002 A,99133.03
VKCA 5002 A1,117403.29
VKCA 5003 A,125383.80
VKCA 5004 A,73871.25
VKCA 5005 A,75115.77
VKCA 5006 A,127579.45
VKCA 6001 A,86176.82
VKCA 6002 A,73880.72
VKCA 6003 A,103029.84
VKCA 6004 A,85284.84
VKCA 6005 A,77999.92
VKCA 6006 A,130712.04
VKCA 6007 A,94344.25
VKCA 6008 A,145471.14
VKCA 6009 A,108878.59
VKCA 6010 A,149349.02
VKCA 6011 A,117019.99
VKCA 6012 A,115146.12
VKCA 6013 A,95955.50
VKCA 91001 A,132301.99
VKCA 91002 A,117266.06
VKCA 91003 A,135046.55
VKCA 91004 A,208411.48
VKCA 91005 A,251586.24
VKCA 91006 A,125017.07
VKCA 92001 A,114857.47
VKCA 93001 A,120471.99
VKCA 93002 A,131909.23
VKCA 95001 A,116750.27
VKC 2018,44589.64
VKC 2044,24793.31
VKC 2045,55842.33
VKC 2065,46468.24
VKC 2080 H,15246.50
VKC 2091 H,16668.47
VKC 2095,37664.35
VKC 2115,36914.33
VKC 2120,97379.83
VKC 2130,27268.15
VKC 2144,21885.50
VKC 2151,114495.47
VKC 2155,154355.47
VKC 2161 H,17813.61
VKC 2168,15147.13
VKC 2168 H,14877.41
VKC 2169 H,16590.39
VKC 2183,24892.69
VKC 2189,23073.23
VKC 2189,23073.23
VKC 2190,44466.60
VKC 2191 H,12414.40
VKC 2193,26946.37
VKC 2195,35693.48
VKC 2202,46884.66
VKC 2215 H,15163.69
VKC 2216 H,13561.91
VKC 2218,55314.71
VKC 2220,40257.49
VKC 2238,23797.23
VKC 2239,32944.18
VKC 2241,17778.12
VKC 2242 A,29144.39
VKC 2242 H,29144.39
VKC 2248,77630.83
VKC 2433 H,18868.85
VKC 2501,27384.08
VKC 2516,15989.43
VKC 2516 H,15989.43
VKC 2518 H,12729.08
VKC 2519,56710.65
VKC 2523 H,15208.65
VKC 2537,28936.18
VKC 2538,59095.58
VKC 2542,69612.45
VKC 2546,37768.46
VKC 2547,51637.95
VKC 2548 H,21149.67
VKC 2601,38442.77
VKC 2616,35189.52
VKC 3500,37212.45
VKC 3502,25488.92
VKC 3505,17522.60
VKC 3506,36138.28
VKC 3507,48848.44
VKC 3508,111396.01
VKC 3509,32948.92
VKC 3511,25775.20
VKC 3513,122113.99
VKC 3514,34905.60
VKC 3515,29255.59
VKC 3519,51129.26
VKC 3524,153908.30
VKC 3527,98423.23
VKC 3541,146973.55
VKC 3552,118652.53
VKC 3554,114774.66
VKC 3555,35750.26
VKC 3556,119530.32
VKC 3559,68938.14
VKC 3560,42417.65
VKC 3564,40307.18
VKC 3565,78425.80
VKC 3567,31273.79
VKC 3568,44393.26
VKC 3575,89844.12
VKC 3577,44989.49
VKC 3578,32634.24
VKC 3579,40399.45
VKC 3581,98288.37
VKC 3584,103143.40
VKC 3588,93175.45
VKC 3598,45961.92
VKC 3600,67291.41
VKC 3602,65602.08
VKC 3606,47199.33
VKC 3609,62116.96
VKC 3610,56483.52
VKC 3612,79992.09
VKC 3613,131007.79
VKC 3615,41166.03
VKC 3616,#Value!
VKC 3617,95087.17
VKC 3620,145338.65
VKC 3622,114495.47
VKC 3623,27897.51
VKC 3625,111374.72
VKC 3626,92538.99
VKC 3628,50029.07
VKC 3630,73459.57
VKC 3654,100983.25
VKC 3666,89465.56
VKC 3668,26622.23
VKC 3672 A,38648.61
VKC 3673,39945.18
VKC 3674,69191.30
VKC 3675,67641.57
VKC 3684,35579.91
VKC 3688,67480.69
VKC 3700,106971.59
VKC 3701,109344.69
VKC 3704,101792.42
VKC 3717,98127.48
VKC 3723,69304.87
VKC 3728,105639.53
VKC 3737,59445.75
VKC 3746,32158.67
VKC 3752,18405.11
VKC 3753,35258.13
VKC 3757,42734.69
VKC 3779 A,61097.22
VKC 4627 A,68803.28
VKC 4628 A,56048.17
VKC 4629 A,87414.24
VKC 4631 A,179740.29
VKC 4632 A,189282.37
VKC 4633 A,91975.88
VKC 4634 A,175110.03
VKC 4635 A,125715.04
VKC 4636 A,64996.39
VKC 4637 A,184046.41
VKC 4638 A,124285.98
VKC 4640 A,157592.16
VKC 4650 A,111436.23
VKC 4651 A,59410.26
VKC 4652 A,156553.49
VKC 4653 A,107806.79
VKC 4655 A,82459.83
VKC 4656 A,157296.41
VKC 4657 A,177568.30
VKC 4658 A,98165.34
VKC 4659 A,181197.74
VKC 4660 A,176522.53
VKC 4663 A,161548.11
VKC 4664 A,136175.13
VKC 4665 A,35130.37
VKC 4668 A,113906.34
VKC 4688 A,142631.94
VKC 4689 A,251699.81
VKC 4709 A,92354.44
VKC 4711 A,100316.03
VKC 4715 A,187271.27
VKC 5002,#Value!
VKC 5045,#Value!
VKC 5052 H,29880.21
VKC 5061,23172.60
VKC 5062,41428.66
VKC 5063 A,76509.34
VKC 5168 AC,#Value!
BA2B 246033 B,42763.08
BA2B 440114 AE,48370.50
BA2B 633668 A,741972.87
BAF-0011,75574.77
BAF-0013 AD/VK210,38667.54
BAF-0068 D,132448.68
BAF-0128 A,66297.69
BAF-4106 BB,199647.81
BAF-4110 BC,214567.81
BAF-4139 C/VK210,184682.86
BAFB 444450 AAC,91169.08
BAFB 446595 AB,215615.95
BAH-0012 AA,26794.95
BAH-0012 AD,26794.95
BAH-0012 AD/VK210,26794.95
BAH-0015 E/VK210,33481.27
BAH-0031 D/VK210,21689.12
BAH-0036/VK210,20305.01
BAH-0094,26794.95
BAH-0197,#Value!
BAH-5000 AA,44625.13
BAHB 309797 C,88987.63
BAHB 311315 AD B,28018.17
BAHB 311443 BB,40898.68
BAHB 633313 EA,19895.69
BAHB 633809 AE,#Value!
BAHB 636114 B/VK210,25226.29
BAR-0029 D/VK108,105126.11
BR930014,313397.99
BR930064,295974.77
BR930097,240260.20
BR930173,180918.56
BR930196,148291.42
BR930204,434210.69
BR930215,217227.19
BR930216,261769.51
BR930219,311606.93
BR930252,356946.59
BR930335,283472.83
BR930343,247206.78
BR930344,261092.83
BR930346,336388.42
BR930420,445269.37
BR930502,465560.19
BR930546,375410.85
VKBA 3246,217662.54
VKBA 3250,166168.91
VKBA 3266,205910.61
VKBA 3300,154812.11
VKBA 3406,195377.18
VKBA 3415,546706.89
VKBA 3423,132910.05
VKBA 3424,503546.32
VKBA 3445,288921.72
VKBA 3449,120010.62
VKBA 3450,170418.25
VKBA 3455,130002.24
VKBA 3456,#Value!
VKBA 3475,103602.41
VKBA 3477,197979.78
VKBA 3500,132169.49
VKBA 3501,181479.30
VKBA 3502,507088.22
VKBA 3525,35518.39
VKBA 3530,61083.02
VKBA 3531,73194.58
VKBA 3532,53634.85
VKBA 3538,57985.93
VKBA 3567,87662.67
VKBA 3569,94195.19
VKBA 3570,105135.58
VKBA 3577,42552.51
VKBA 3584,58551.40
VKBA 3585,#Value!
VKBC 0108,58617.65
VKBC 20002,42259.13
VKBC 20003,31841.63
VKBC 20006,20792.41
VKBC 20009,60654.78
VKBC 20010,35019.17
VKBC 20011,39024.80
VKBC 20013,33429.21
VKBC 20016,42086.41
VKBC 20017,77533.82
VKBC 20018,74559.76
VKBC 20023,36516.84
VKBC 20024,31489.09
VKBC 20029,47852.35
VKBC 20031,50085.85
VKBC 20041,43028.08
VKBC 20044,33438.68
VKBC 20045,34967.11
VKBC 20046,18828.63
VKBC 20048,82478.76
VKBC 20053,75896.55
VKBC 20057,64433.28
VKBC 20058,48138.64
VKBC 20067,111679.93
VKBC 20071,53627.76
VKBC 20072,42285.15
VKBC 20073,96097.46
VKBC 20077,69155.81
VKBC 20080,47700.93
VKBC 20088,#Value!
VKBC 20089,99301.02
VKBC 20090,30516.67
VKBC 20091,44625.13
VKBC 20094,81759.50
VKBC 20097,220459.15
VKBC 20101,87350.35
VKBC 20103,#Value!
VKBC 20106,#Value!
VKBC 20106 A,31687.84
VKBC 20107,106420.31
VKBC 20109,102275.08
VKBC 20110,42763.08
VKBC 20114,50362.68
VKBC 20116,58201.23
VKBC 20120,#Value!
VKBC 20121,247405.52
VKBC 20127,105126.11
VKBC 20128,41925.52
VKBC 20132,85034.04
VKBC 20136,63025.51
VKBC 20140,#Value!
VKBC 20141,85978.07
VKBC 20143,#Value!
VKBC 20146,130951.00
VKBC 20155,57903.12
VKBC 20161,53876.19
VKBC 20162,132448.68
VKBC 20168,216543.42
VKBC 20169,106214.47
VKBC 20173,246970.18
VKBC 20178,118378.08
VKBC 20181,149739.41
VKBC 20189,199647.81
VKBC 20203,#Value!
VKBC 20206,108819.44
VKBC 20208,108026.83
VKBC 20209,105140.31
VKBC 20212,21774.30
VKBC 32062,41452.32
VKBC 3539,42086.41
VKBC 3540,54280.77
VKBC 3567,53526.02
VKBC 3577,31687.84
VKBC 3583,55123.07
VKBC 4219,50866.63
VKBC 4220,54590.72
VKBC 4221,26794.95
VKBC 4222,57543.49
VKBC 4290,40747.25
VKBC 4290 P,34936.36
VKBC 4501,50719.94
VKBC 6001,44972.93
VKBC 6655,152143.26
VKBC 6656,122007.52
VKBC 6767,49255.39
VKD 13500,96606.15
VKD 35001,21076.33
VKD 35002,13888.42
VKD 35002 H,13642.36
VKD 35005,22578.74
VKD 35007,37221.91
VKD 35010,45280.51
VKD 35012,12258.25
VKD 35013,21951.75
VKD 35014,23797.23
VKD 35016,49146.55
VKD 35017,25642.71
VKD 35025,39781.92
VKD 35030 T,20385.46
VKD 35033,24308.28
VKD 35034,17286.00
VKD 35035,23234.12
VKD 35035 T,36930.89
VKD 35036,#Value!
VKD 35041 T,27712.96
VKD 35045 T,25415.57
VKD 35050 T,#Value!
VKD 35052 T,#Value!
VKD 35110 T,26726.34
VKD 75007 T,105443.16
VKDA 23001,105911.62
VKDA 27007,111760.38
VKDA 27009,123793.85
VKDA 27010,106567.01
VKDA 27013,103467.55
VKDA 35113,37553.15
VKDA 35122,47019.52
VKDA 35200,115420.58
VKDA 35308 T,161990.56
VKDA 35405,118498.74
VKDA 35407,136153.84
VKDA 35417,69361.66
VKDA 35423 T,199794.50
VKDA 35424 T,139624.76
VKDA 35434 T,165901.55
VKDA 35500,60959.99
VKDA 35501,126943.00
VKDA 35503,98501.31
VKDA 35600,106081.98
VKDA 35601,99627.53
VKDA 35607,79031.50
VKDA 35615,101189.09
VKDA 35625 T,195630.34
VKDA 35626,108133.30
VKDA 37203,57560.05
VKDA 40104,75442.28
VKM 01016 A,29239.03
VKM 01105 A,201957.03
VKM 03100,39938.08
VKM 03101,101905.99
VKM 03102,74848.41
VKM 03104,99054.96
VKM 03105,123483.91
VKM 03106,71420.08
VKM 03107,57432.28
VKM 03109,62410.35
VKM 03110,149907.39
VKM 03111,73253.73
VKM 03112,105287.00
VKM 03113,87814.09
VKM 03116,76372.11
VKM 03118,54186.13
VKM 03120,132077.22
VKM 03124,63716.38
VKM 03200,75099.21
VKM 03203,78868.24
VKM 03207,50585.08
VKM 03300,84286.38
VKM 03301,84286.38
VKM 03302,75049.52
VKM 03304,95749.65
VKM 03305,71642.48
VKM 03307,83403.87
VKM 03308,53814.67
VKM 03402,58156.28
VKM 03404,101186.72
VKM 03405,137488.26
VKM 03407,93665.21
VKM 03412,61979.74
VKM 03600,85873.97
VKM 03601,70461.85
VKM 03602,89446.63
VKM 03603,58620.02
VKM 03604,62282.58
VKM 03605,107309.93
VKM 03608,74945.42
VKM 03610,68642.39
VKM 03611,79019.67
VKM 03612,61636.67
VKM 03652,103039.30
VKM 03653,#Value!
VKM 03654,71467.40
VKM 03810,68024.87
VKM 03814,66162.82
VKM 03815,206147.21
VKM 03820,53511.82
VKM 03821,58612.92
VKM 03822,122573.00
VKM 03823,99549.45
VKM 03824,61116.15
VKM 03825,71332.53
VKM 03826,#Value!
VKM 03827,72872.80
VKM 03828,78007.02
VKM 03830,95882.15
VKM 03832,157161.55
VKM 03833,145698.28
VKM 03834,232946.90
VKM 03872,75172.55
VKM 03880,60335.37
VKM 03881,79334.35
VKM 04752 A,96061.97
VKM 04752 AP,22536.15
VKM 04754 A,47128.35
VKM 04776 A,149677.89
VKM 04776 AP,23856.38
VKM 04780 A,82739.02
VKM 04781 A,133314.64
VKM 04781 PH,39481.44
VKM 04783 A,215767.37
VKM 04786 A,26787.85
VKM 04810 A,8863.04
VKM 04823 A,38589.46
VKM 04824 A,58045.08
VKM 04838 A,37624.13
VKM 04839 A,24412.39
VKM 04897 A,31590.83
VKM 04911 A,68493.33
VKM 05022 A,45734.78
VKM 06100,107697.95
VKM 06202,111878.68
VKM 06203,68225.98
VKM 11000,14191.27
VKM 11000 H,14191.27
VKM 11001,58312.44
VKM 11003,51824.86
VKM 11007,78768.87
VKM 11008,93643.91
VKM 11009,138193.33
VKM 11010,23359.52
VKM 11010 H,23359.52
VKM 11014,62273.12
VKM 11015,61014.41
VKM 11018,61407.16
VKM 11020,26527.59
VKM 11021,105407.67
VKM 11050,#Value!
VKM 11054,67575.33
VKM 11072,65320.53
VKM 11073,75037.69
VKM 11106,38338.66
VKM 11106 A,38338.66
VKM 11107,31302.18
VKM 11107,31302.18
VKM 11107 H,31302.18
VKM 11113,53407.72
VKM 11115,79812.28
VKM 11116,86886.62
VKM 11120,78508.61
VKM 11130,68647.12
VKM 11142,77876.89
VKM 11143,99308.12
VKM 11145,47097.60
VKM 11150,87549.10
VKM 11151,86444.18
VKM 11170,130172.59
VKM 11201,50445.49
VKM 11202,83586.05
VKM 11209,145539.76
VKM 11222,134951.91
VKM 11250,91164.35
VKM 11255,105457.35
VKM 11257,67565.86
VKM 11258,42095.87
VKM 11263,83787.16
VKM 11269,55009.50
VKM 11278,#Value!
VKM 11332,77995.19
VKM 11338,47471.42
VKM 12003,72775.79
VKM 12005,64203.78
VKM 12012,107021.28
VKM 12100,81295.76
VKM 12101,60853.52
VKM 12150,108646.72
VKM 12151,24845.37
VKM 12151 H,24845.37
VKM 12153,63943.52
VKM 12172,91559.47
VKM 12173,120143.11
VKM 12174,105095.35
VKM 12182,87487.58
VKM 12200 H,13351.34
VKM 12201,35773.92
VKM 12201 A,35773.92
VKM 12201 H,35773.92
VKM 12206 A,33313.28
VKM 12206 H,33313.28
VKM 12215,90958.50
VKM 12227,86597.97
VKM 12241,71029.69
VKM 12242,44672.45
VKM 12242 A,44672.45
VKM 12277,51271.22
VKM 12299 H,13346.61
VKM 12390,94838.74
VKM 12500,59341.65
VKM 12501,61092.49
VKM 12541,131029.08
VKM 12630 H,#Value!
VKM 13100,19356.25
VKM 13100 H,19356.25
VKM 13120,35695.84
VKM 13130,53772.08
VKM 13132,73738.76
VKM 13140,32816.42
VKM 13200,43274.14
VKM 13202,36850.45
VKM 13205,#Value!
VKM 13210,72470.58
VKM 13211,73518.72
VKM 13214,63860.71
VKM 13216,63860.71
VKM 13220,46368.87
VKM 13234,28224.01
VKM 13240,53395.89
VKM 13241,38097.33
VKM 13244,21897.33
VKM 13244 H,21897.33
VKM 13246,38239.29
VKM 13250,51503.09
VKM 13253,42131.36
VKM 13253 A,42131.36
VKM 13256,45573.89
VKM 13256 A,45573.89
VKM 13257,42831.70
VKM 13258,67326.90
VKM 13263,61667.42
VKM 13264,37979.03
VKM 13300,52839.88
VKM 13316,67494.88
VKM 13902,143237.64
VKM 14000 H,19441.42
VKM 14100,26873.03
VKM 14101,36999.51
VKM 14103,39289.80
VKM 14105,#Value!
VKM 14107,65313.43
VKM 14108,71519.45
VKM 14201,31985.95
VKM 14210,33855.09
VKM 14211,36370.15
VKM 14215,67613.18
VKM 14216,89084.63
VKM 14220,96788.33
VKM 14222,46804.21
VKM 14224,40058.75
VKM 14224 A,40058.75
VKM 14300,110522.96
VKM 14301,59355.84
VKM 15121,27977.95
VKM 15121 H,27977.95
VKM 15202,39528.76
VKM 15202 A,39528.76
VKM 15210,63184.03
VKM 15213,66692.81
VKM 15215,70783.62
VKM 15216,52203.42
VKM 15216 A,52203.42
VKM 15218,57188.59
VKM 15230 A,34685.56
VKM 15260,90284.19
VKM 15402,28602.57
VKM 15402 A,28602.57
VKM 15402 H,28602.57
VKM 15410 A,21838.18
VKM 15701,86006.47
VKM 16000,21852.38
VKM 16000 H,21852.38
VKM 16002,43404.27
VKM 16003,23231.75
VKM 16003 H,23231.75
VKM 16009 A,43044.64
VKM 16020,51420.28
VKM 16020 A,51420.28
VKM 16021,40943.63
VKM 16022,51420.28
VKM 16023,40943.63
VKM 16038,50050.36
VKM 16100,121311.92
VKM 16101,15213.38
VKM 16101 H,15213.38
VKM 16102,36258.95
VKM 16112 H,35615.40
VKM 16113,58664.97
VKM 16200,48860.27
VKM 16204,76376.85
VKM 16212,43146.38
VKM 16501,111627.88
VKM 16503,61617.74
VKM 16550,84253.26
VKM 16551,94424.69
VKM 16600,100715.89
VKM 16602,78872.98
VKM 16604,72820.75
VKM 17301,62256.56
VKM 17302,59282.50
VKM 17303,104350.06
VKM 17304,59862.17
VKM 17308,88665.85
VKM 17310,36386.71
VKM 17405 H,49555.87
VKM 17410 H,42841.16
VKM 18100,55437.75
VKM 18400,107946.38
VKM 18404,46631.49
VKM 18500,45732.41
VKM 18600,115351.96
VKM 18601,101418.59
VKM 21004,28022.90
VKM 21012,32544.33
VKM 21031,43144.01
VKM 21115,109588.39
VKM 21120 H,19327.85
VKM 21121,43144.01
VKM 21122 H,13831.64
VKM 21130,62069.64
VKM 21131,35468.71
VKM 21142,31205.17
VKM 21147,21984.87
VKM 21148,28141.20
VKM 21151,94554.82
VKM 21170,55797.38
VKM 21202,47225.36
VKM 21220,19609.41
VKM 21223,34751.81
VKM 21256,79521.26
VKM 21259,51810.67
VKM 21269,78354.82
VKM 21338,22384.73
VKM 22151,29198.81
VKM 22151 H,29198.81
VKM 22153,61667.42
VKM 22174,52309.89
VKM 22177,28162.50
VKM 22179,17044.66
VKM 22180,17044.66
VKM 22242,30213.82
VKM 22380,38968.02
VKM 22385,36864.65
VKM 22390,52257.84
VKM 22510,15759.93
VKM 22540,78241.25
VKM 22630 H,#Value!
VKM 23121,34434.76
VKM 23122,20631.52
VKM 23130,49215.17
VKM 23140,30734.34
VKM 23213,20631.52
VKM 23214,20631.52
VKM 23230,32130.28
VKM 23240,37716.41
VKM 23241,35253.40
VKM 23246,20631.52
VKM 23256,30029.27
VKM 23257,25985.78
VKM 23258,44781.28
VKM 23264,57479.60
VKM 23300,41757.53
VKM 23304,73511.62
VKM 23900,76797.99
VKM 23901,81679.05
VKM 24100 H,16602.22
VKM 24107,21757.74
VKM 24107 H,#Value!
VKM 24210 H,13100.54
VKM 24211,15168.43
VKM 24211 H,15168.43
VKM 24212,27376.99
VKM 24213,21956.48
VKM 24214,32608.21
VKM 25150 H,20290.82
VKM 25152 H,20591.30
VKM 25156,25879.31
VKM 25158,33478.90
VKM 25201,61433.19
VKM 25202,55309.98
VKM 25207,38307.91
VKM 25210 H,#Value!
VKM 25211,66884.45
VKM 25212 H,16360.89
VKM 25213 H,25815.43
VKM 25215,44289.15
VKM 25216,67584.79
VKM 25224,23825.62
VKM 25260,43988.67
VKM 25701,38693.56
VKM 26020,27031.55
VKM 26101,22671.01
VKM 26101 H,22671.01
VKM 26102,31782.48
VKM 26102 H,31782.48
VKM 26105,19439.06
VKM 26115,69683.43
VKM 26117,119868.66
VKM 26123,#Value!
VKM 26125,33795.94
VKM 26125 H,33795.94
VKM 26128,61873.27
VKM 26211,53109.60
VKM 26212,88422.15
VKM 26310,26004.71
VKM 26501,58097.13
VKM 26502,139352.67
VKM 26503,56888.10
VKM 26600,87229.69
VKM 26602,44636.96
VKM 27110,101101.55
VKM 27302,56561.60
VKM 27303,43342.75
VKM 27405 H,45938.26
VKM 28400,77552.75
VKM 28600,59457.58
VKM 31002,33041.19
VKM 31004,24984.96
VKM 31006,69252.82
VKM 31007,45817.59
VKM 31008,28770.56
VKM 31009,57692.54
VKM 31010,57692.54
VKM 31011 A,52951.08
VKM 31012,156506.17
VKM 31013,186000.72
VKM 31015,74294.77
VKM 31016,109846.28
VKM 31018,118292.90
VKM 31019,69262.28
VKM 31022,75659.95
VKM 31030,71557.30
VKM 31033,96984.71
VKM 31034,167193.39
VKM 31035,102438.34
VKM 31038,42053.28
VKM 31039,57209.88
VKM 31040,72489.51
VKM 31041,20858.66
VKM 31043,53244.46
VKM 31047,77131.60
VKM 31054,66136.80
VKM 31058,79022.03
VKM 31059,43352.22
VKM 31061,78354.82
VKM 31066,168277.02
VKM 31116,75137.06
VKM 31160,51396.62
VKM 31207,32182.33
VKM 31210,71363.29
VKM 31218,116255.78
VKM 31220,65706.19
VKM 31223,54541.03
VKM 31240,30076.59
VKM 31250,#Value!
VKM 31300,116255.78
VKM 31303,10008.18
VKM 31303 H,10008.18
VKM 31310,64175.38
VKM 31315,33017.53
VKM 31318,64175.38
VKM 31321,64175.38
VKM 31338,33017.53
VKM 32001,49137.09
VKM 32002,65635.21
VKM 32004,67968.08
VKM 32005 H,20808.97
VKM 32006,55828.14
VKM 32007,103985.70
VKM 32011,64676.98
VKM 32015,135458.23
VKM 32018,82379.39
VKM 32022,74562.12
VKM 32023,52887.20
VKM 32024,32411.83
VKM 32025,191773.76
VKM 32027,52809.12
VKM 32030,48337.38
VKM 32031 H,13029.56
VKM 32050-1,16895.61
VKM 32080,55698.01
VKM 32081 A,69229.16
VKM 32082,85653.93
VKM 32093,23113.45
VKM 32242,28060.76
VKM 32243,17813.61
VKM 32260 A,30878.67
VKM 32299,5226.49
VKM 32301,35681.65
VKM 33002,37361.51
VKM 33002 H,#Value!
VKM 33003,74633.10
VKM 33004,93949.13
VKM 33006 H,47031.35
VKM 33008,114696.58
VKM 33009,92640.73
VKM 33010,65819.75
VKM 33012,70066.72
VKM 33013,63685.62
VKM 33014,85471.75
VKM 33015,69799.37
VKM 33016,164214.60
VKM 33017,31971.76
VKM 33018,88017.57
VKM 33019,52901.39
VKM 33020,19100.72
VKM 33023,38747.98
VKM 33024,30689.39
VKM 33026,39396.27
VKM 33028,88017.57
VKM 33029,66179.39
VKM 33031,13363.17
VKM 33031 H,13363.17
VKM 33032,41289.07
VKM 33033,50201.79
VKM 33034,27048.11
VKM 33035,35714.77
VKM 33036,73873.62
VKM 33037,155479.32
VKM 33038,91949.86
VKM 33040,185387.93
VKM 33041,66962.53
VKM 33042,41208.62
VKM 33043,64579.97
VKM 33044,42602.20
VKM 33045,43082.49
VKM 33048,47613.38
VKM 33050,47809.76
VKM 33060,62010.49
VKM 33061,61395.33
VKM 33063,115072.78
VKM 33064,78839.85
VKM 33065,87161.07
VKM 33069,44038.36
VKM 33074,59202.05
VKM 33075,55399.89
VKM 33076,115143.76
VKM 33077,74112.58
VKM 33100,33412.65
VKM 33101,54697.19
VKM 33130,96525.70
VKM 33131,46144.10
VKM 33132,56249.28
VKM 33133,51742.05
VKM 33161,53114.33
VKM 33164,87880.34
VKM 33205,105407.67
VKM 33300,54697.19
VKM 33311,106117.47
VKM 33313,39975.94
VKM 33320,40588.73
VKM 33407,45022.61
VKM 34003,74529.00
VKM 34004,41724.41
VKM 34005,46666.98
VKM 34008,79802.81
VKM 34010,86018.30
VKM 34013,35937.17
VKM 34014,82142.79
VKM 34027,93984.62
VKM 34030,28548.16
VKM 34031,33758.09
VKM 34032,132841.44
VKM 34033,105847.74
VKM 34034,22103.17
VKM 34034 H,22103.17
VKM 34042,91303.94
VKM 34043,74479.31
VKM 34044,103422.59
VKM 34047,149339.55
VKM 34048,41861.64
VKM 34051,38913.60
VKM 34052,86207.58
VKM 34052 L,58565.60
VKM 34053,101058.96
VKM 34054,57269.03
VKM 34056,96185.00
VKM 34061,51976.29
VKM 34071,133925.06
VKM 34072,36753.44
VKM 34107,43870.37
VKM 34108,128989.59
VKM 34110,90314.95
VKM 34111,34013.62
VKM 34115,#Value!
VKM 34153,63262.11
VKM 34200,54505.54
VKM 34219 A,26359.61
VKM 34231,12608.41
VKM 34700,169145.34
VKM 34701,30317.92
VKM 34702,98371.18
VKM 34704,22006.17
VKM 35002,20158.32
VKM 35002,20158.32
VKM 35006,63318.89
VKM 35007,93880.51
VKM 35008,63179.30
VKM 35009,63179.30
VKM 35009 A,63179.30
VKM 35011,86233.60
VKM 35012,79329.61
VKM 35015,89749.48
VKM 35016,39339.48
VKM 35025,42831.70
VKM 35260,91434.07
VKM 35299 H,34072.77
VKM 35603,56074.20
VKM 36001,68036.70
VKM 36003,56033.98
VKM 36004,65722.75
VKM 36005,62464.77
VKM 36006,115917.44
VKM 36007,81002.38
VKM 36008,153347.56
VKM 36010,67625.01
VKM 36011,188802.07
VKM 36013,49631.58
VKM 36016,57683.08
VKM 36017,90075.99
VKM 36018,264963.61
VKM 36019,75032.96
VKM 36020,68230.71
VKM 36022,59954.44
VKM 36023,35494.73
VKM 36025,30599.48
VKM 36026,205160.59
VKM 36030,89299.94
VKM 36031 H,9317.31
VKM 36031 H,9317.31
VKM 36032,211335.85
VKM 36035,115316.47
VKM 36038,8950.58
VKM 36040,20056.58
VKM 36041,98782.87
VKM 36050,120914.43
VKM 36052,57621.56
VKM 36053,144091.77
VKM 36055,79828.84
VKM 36056,49224.63
VKM 36061,61409.53
VKM 36064,77096.11
VKM 36072,120339.49
VKM 36080,36907.23
VKM 36081,78804.36
VKM 36082,64338.64
VKM 36086,60711.56
VKM 36087,39848.17
VKM 36091,48337.38
VKM 36120,90866.23
VKM 36146,63711.65
VKM 36201,69756.78
VKM 36221,50109.51
VKM 36241,88107.47
VKM 36250,64487.70
VKM 36530,179373.56
VKM 37002,36999.51
VKM 37003,47031.35
VKM 37005,95444.44
VKM 37010,107903.80
VKM 37014,77531.45
VKM 37015,36081.50
VKM 37050-1,16940.56
VKM 37420,96504.41
VKM 38001,34314.10
VKM 38002,95487.03
VKM 38003,37818.14
VKM 38004,27289.44
VKM 38010,148433.38
VKM 38012,64539.75
VKM 38020,65076.83
VKM 38022,#Value!
VKM 38053,26307.55
VKM 38070,126195.34
VKM 38076,24450.24
VKM 38077,85616.08
VKM 38079,33552.25
VKM 38089,89460.83
VKM 38125,22552.71
VKM 38201,92368.64
VKM 38209,92673.85
VKM 38219,42095.87
VKM 38220,43404.27
VKM 38225,47868.91
VKM 38227,105407.67
VKM 38229,101101.55
VKM 38230,69293.04
VKM 38236,77628.46
VKM 38240,36999.51
VKM 38241,39365.51
VKM 38250,96854.58
VKM 38251,37259.77
VKM 38264,26423.49
VKM 38302,108355.70
VKM 38306,66962.53
VKM 38335,79147.43
VKM 38353,100334.96
VKM 38354,89460.83
VKM 38601,#Value!
VKM 38603,28171.96
VKM 38882,128528.22
VKM 38901,39164.40
VKM 38908,49219.90
VKM 4752,81059.16
VKM 4774,90490.04
VKM 4781,125241.84
VKM 4793,17716.61
VKM 4968,26274.43
VKM 4969,20399.65
VKM 53017,31836.90
VKM 60001 H,16564.37
VKM 60003,148991.75
VKM 60004,25633.24
VKM 60008 A,90367.00
VKM 60009 A,66184.12
VKM 60012,33365.33
VKM 60013 A,117247.13
VKM 60014,48708.84
VKM 60016,49286.15
VKM 61000,32170.50
VKM 61003,23631.61
VKM 61014,139894.48
VKM 61015,38061.84
VKM 61018,23745.18
VKM 61019,174175.46
VKM 61020,186445.53
VKM 61025,17338.05
VKM 61030,215017.35
VKM 61032,64035.79
VKM 61085,23804.33
VKM 61086,65010.58
VKM 62002,65521.64
VKM 62022,52269.67
VKM 62025,160615.91
VKM 62054,137620.76
VKM 63000,134951.91
VKM 63001,153364.12
VKM 63004,114083.79
VKM 64011,133581.99
VKM 64017,73615.72
VKM 64019,41793.02
VKM 64035,87780.97
VKM 64070,87395.31
VKM 64071,28912.52
VKM 64072,21024.28
VKM 65010,41196.79
VKM 65011,21930.45
VKM 65014,107882.50
VKM 65016,32411.83
VKM 65018,66255.10
VKM 65019,26617.50
VKM 65027,95946.03
VKM 65038,#Value!
VKM 65050,32371.61
VKM 65054,50559.05
VKM 65055,125826.25
VKM 65071,129723.05
VKM 65084,73289.22
VKM 66000,86538.82
VKM 66003,58513.55
VKM 66004,100659.10
VKM 66005,118491.65
VKM 66006,50405.26
VKM 66008,44925.61
VKM 66010,46087.31
VKM 70000,66515.36
VKM 70000 A,66515.36
VKM 71000,67575.33
VKM 71001,36284.98
VKM 71002,49205.70
VKM 71003,45372.78
VKM 71004,102826.36
VKM 71007,30739.07
VKM 71012,117261.33
VKM 71014,54358.85
VKM 71100,42533.58
VKM 71201,40789.84
VKM 71303,82703.53
VKM 71809,60238.36
VKM 71812,104104.00
VKM 72004,60318.80
VKM 72303,33216.27
VKM 72500,51441.57
VKM 73000,45469.79
VKM 73001,64721.93
VKM 73005,27277.61
VKM 73011,26598.57
VKM 73201,46993.49
VKM 73600,42616.39
VKM 73607,137679.91
VKM 74000,45476.89
VKM 74001,43063.57
VKM 74002,153193.77
VKM 74004,59360.57
VKM 74006,187907.72
VKM 74200,30968.57
VKM 74201,32319.56
VKM 74502,32329.02
VKM 74503,42535.95
VKM 74600,24947.10
VKM 74604,33552.25
VKM 74606,66042.16
VKM 74608,47019.52
VKM 74609,133052.01
VKM 75000,23404.47
VKM 75001,23125.28
VKM 75004,43035.17
VKM 75006,35665.08
VKM 75008,18949.29
VKM 75009,33459.97
VKM 75033,27227.93
VKM 75044,21797.96
VKM 75054,70627.47
VKM 75064,33682.38
VKM 75100,26028.37
VKM 75113,18099.90
VKM 75119,24050.39
VKM 75140,60948.16
VKM 75144,28559.99
VKM 75601,51718.39
VKM 75612,54153.01
VKM 75613,22720.70
VKM 75615,36483.72
VKM 75616,46044.73
VKM 75621,26321.75
VKM 75625,50559.05
VKM 75628,106271.26
VKM 75629,27518.95
VKM 75630,26307.55
VKM 75633,28839.17
VKM 75636,67201.50
VKM 75675,63683.26
VKM 75678,122691.30
VKM 76001,26858.83
VKM 76102,23598.48
VKM 76103,48476.97
VKM 76200,64066.55
VKM 76202,42377.43
VKM 76203,33003.33
VKM 77100,29037.92
VKM 77300,36015.25
VKM 77401,50220.72
VKM 77500,31041.92
VKM 77504,59412.63
VKM 78000,57933.88
VKM 78005,178446.09
VKM 78105,34732.88
VKM 79001,53809.94
VKM 79002,44246.57
VKM 79003,82076.54
VKM 79006,37699.84
VKM 79007,121141.57
VKM 80000,19957.21
VKM 81000,37030.27
VKM 81001,39580.81
VKM 81002,45384.61
VKM 81004,32721.78
VKM 81100,29239.03
VKM 81204,55821.04
VKM 81400,22074.78
VKM 82500,47047.91
VKM 84000,23645.80
VKM 84201,28098.62
VKM 84502,42001.23
VKM 84503,22503.03
VKM 84504,32343.22
VKM 84506,18133.02
VKM 84600,32246.21
VKM 84601,30123.91
VKM 85000,28153.03
VKM 85002,55340.74
VKM 85145,28051.30
VKM 85146,38509.02
VKM 85148,39176.23
VKM 85152,52269.67
VKM 85153,26764.19
VKM 85156,18984.78
VKM 87001,51129.26
VKM 88000,46790.02
VKM 88001,34143.75
VKM 88004,59994.66
VKM 88007,46931.98
VKM 88008,38669.90
VKM 89003,29913.34
VKM 89006,20290.82
VKM 910011,83884.16
VKM 910015,106209.74
VKM 93108,79523.63
VKM 93612,115742.35